backend,batch_size,checksum,hilbert_dim,label,max_ms,mean_ms,median_ms,min_ms,n_qubits,p95_ms,repeats,status
numpy_cpu,64,0.857848584651947,256,vertex_t4,21.970106,11.8909144,11.121263500000001,0.2969,8,21.404656,20,ok
torch_cuda,64,0.8578481674194336,256,vertex_t4,0.621347,0.20840065,0.176173,0.124132,8,0.329064,20,ok
numpy_cpu,64,-0.10259348154067993,1024,vertex_t4,9.372274,4.2305231,3.557195,3.073063,10,8.569693,20,ok
torch_cuda,64,-0.10259251296520233,1024,vertex_t4,0.668913,0.3294871,0.2895635,0.284625,10,0.569753,20,ok
numpy_cpu,64,0.10653353482484818,2048,vertex_t4,66.975152,21.2523327,12.0942805,10.836898,11,56.884837,20,ok
torch_cuda,64,0.10653345286846161,2048,vertex_t4,1.400814,0.9328792,0.9054774999999999,0.898402,11,0.93332,20,ok
