{
  "method": "state_specific_parity_confusion_inversion",
  "full_confusion_matrix_available": false,
  "full_confusion_matrix_note": "Existing Phase 2 raw counts include selected readout-only calibration states, not all computational basis states; a literal 2^n x 2^n confusion-matrix inversion would require new calibration circuits.",
  "calibrated_initials": [
    "n=4:0000",
    "n=4:0001",
    "n=4:0010",
    "n=4:0011",
    "n=4:0101",
    "n=4:0111",
    "n=4:1010",
    "n=4:1111",
    "n=6:000000",
    "n=6:010101",
    "n=6:101010",
    "n=6:111111",
    "n=8:00000000",
    "n=8:01010101",
    "n=8:10101010",
    "n=8:11111111"
  ],
  "pairs": [
    {
      "dataset": "phase2_ag_n4",
      "comparison": "even_minus_odd",
      "depth": 2,
      "left_raw": 0.08369954427083333,
      "right_raw": 0.082470703125,
      "left_corrected": 0.07048698572628044,
      "right_corrected": 0.07404732254047322,
      "raw_relative": 0.014900335504243052,
      "corrected_relative": -0.04808191156738652,
      "corrected_welch_t": -3.0943631324857126,
      "corrected_welch_p": 0.0030361369271452005,
      "n_left": 30,
      "n_right": 30
    },
    {
      "dataset": "phase2_ag_n4",
      "comparison": "even_minus_odd",
      "depth": 4,
      "left_raw": 0.1200927734375,
      "right_raw": 0.11053059895833334,
      "left_corrected": 0.1080352644836272,
      "right_corrected": 0.10267330842673308,
      "raw_relative": 0.08651155941687519,
      "corrected_relative": 0.05222346624507934,
      "corrected_welch_t": 3.591562941176283,
      "corrected_welch_p": 0.000678532983824387,
      "n_left": 30,
      "n_right": 30
    },
    {
      "dataset": "phase2_ag_n4",
      "comparison": "even_minus_odd",
      "depth": 6,
      "left_raw": 0.15296223958333333,
      "right_raw": 0.14659016927083332,
      "left_corrected": 0.14194794290512175,
      "right_corrected": 0.13946035699460357,
      "raw_relative": 0.04346860600677293,
      "corrected_relative": 0.017837226034165626,
      "corrected_welch_t": 1.5204462957176685,
      "corrected_welch_p": 0.13428962354211274,
      "n_left": 30,
      "n_right": 30
    },
    {
      "dataset": "phase2_ag_n4",
      "comparison": "even_minus_odd",
      "depth": 8,
      "left_raw": 0.173388671875,
      "right_raw": 0.16879069010416667,
      "left_corrected": 0.16302267002518891,
      "right_corrected": 0.16210875882108758,
      "raw_relative": 0.02724073091943499,
      "corrected_relative": 0.005637642350404895,
      "corrected_welch_t": 0.5903082061796809,
      "corrected_welch_p": 0.5573098611603423,
      "n_left": 30,
      "n_right": 30
    },
    {
      "dataset": "phase2_ag_n4",
      "comparison": "even_minus_odd",
      "depth": 10,
      "left_raw": 0.19598795572916666,
      "right_raw": 0.18760579427083332,
      "left_corrected": 0.1863392107472712,
      "right_corrected": 0.18130344541303445,
      "raw_relative": 0.04467965123845058,
      "corrected_relative": 0.027775342728675528,
      "corrected_welch_t": 3.2364555671694357,
      "corrected_welch_p": 0.002053444322634311,
      "n_left": 30,
      "n_right": 30
    },
    {
      "dataset": "phase2_ag_n4",
      "comparison": "even_minus_odd",
      "depth": 14,
      "left_raw": 0.23882649739583334,
      "right_raw": 0.22911783854166667,
      "left_corrected": 0.2305373635600336,
      "right_corrected": 0.22365296803652968,
      "raw_relative": 0.04237408538751153,
      "corrected_relative": 0.03078159697115882,
      "corrected_welch_t": 3.47994533163253,
      "corrected_welch_p": 0.0010425036513591855,
      "n_left": 30,
      "n_right": 30
    },
    {
      "dataset": "phase2_ag_n4",
      "comparison": "even_minus_odd",
      "depth": 20,
      "left_raw": 0.2890380859375,
      "right_raw": 0.2803548177083333,
      "left_corrected": 0.2823425692695214,
      "right_corrected": 0.2759236197592362,
      "raw_relative": 0.030972423802612628,
      "corrected_relative": 0.023263501384499882,
      "corrected_welch_t": 3.300188241327474,
      "corrected_welch_p": 0.0016868284552484696,
      "n_left": 30,
      "n_right": 30
    },
    {
      "dataset": "phase2_ag_n4",
      "comparison": "even_minus_odd",
      "depth": 30,
      "left_raw": 0.3455729166666667,
      "right_raw": 0.3452392578125,
      "left_corrected": 0.34067170445004197,
      "right_corrected": 0.3421170610211706,
      "raw_relative": 0.0009664568748085624,
      "corrected_relative": -0.004224742743944046,
      "corrected_welch_t": -0.7644977845877032,
      "corrected_welch_p": 0.44791063919391805,
      "n_left": 30,
      "n_right": 30
    },
    {
      "dataset": "phase2_ag_n4",
      "comparison": "even_minus_odd",
      "depth": 40,
      "left_raw": 0.3890625,
      "right_raw": 0.3886800130208333,
      "left_corrected": 0.38554156171284637,
      "right_corrected": 0.38643420506434206,
      "raw_relative": 0.0009840664977701092,
      "corrected_relative": -0.00230994911888575,
      "corrected_welch_t": -0.41853651149861615,
      "corrected_welch_p": 0.6771161388225951,
      "n_left": 30,
      "n_right": 30
    },
    {
      "dataset": "phase2_ag_n4",
      "comparison": "even_minus_odd",
      "depth": 50,
      "left_raw": 0.42152506510416665,
      "right_raw": 0.4218831380208333,
      "left_corrected": 0.41903442485306464,
      "right_corrected": 0.42030718140307183,
      "raw_relative": -0.000848749059624639,
      "corrected_relative": -0.0030281579909209955,
      "corrected_welch_t": -0.6276328229084905,
      "corrected_welch_p": 0.5327444587326003,
      "n_left": 30,
      "n_right": 30
    },
    {
      "dataset": "phase2_popcount",
      "comparison": "original_E0_minus_O0",
      "depth": 4,
      "left_raw": 0.08797200520833333,
      "right_raw": 0.08481852213541667,
      "left_corrected": 0.07489504617968094,
      "right_corrected": 0.07644250726442507,
      "raw_relative": 0.03717917965939063,
      "corrected_relative": -0.020243463226438257,
      "corrected_welch_t": -0.9881603870502169,
      "corrected_welch_p": 0.33404858021969003,
      "n_left": 12,
      "n_right": 12
    },
    {
      "dataset": "phase2_popcount",
      "comparison": "within_even_E0_minus_E1",
      "depth": 4,
      "left_raw": 0.08797200520833333,
      "right_raw": 0.09389241536458333,
      "left_corrected": 0.07489504617968094,
      "right_corrected": 0.083312458249833,
      "raw_relative": -0.06305525460455039,
      "corrected_relative": -0.10103425402369427,
      "corrected_welch_t": -3.694727027158412,
      "corrected_welch_p": 0.0016342602439514014,
      "n_left": 12,
      "n_right": 12
    },
    {
      "dataset": "phase2_popcount",
      "comparison": "within_odd_O0_minus_O1",
      "depth": 4,
      "left_raw": 0.08481852213541667,
      "right_raw": 0.08150227864583333,
      "left_corrected": 0.07644250726442507,
      "right_corrected": 0.07454289732770746,
      "raw_relative": 0.04068896655017486,
      "corrected_relative": 0.025483446509551425,
      "corrected_welch_t": 0.9201586297208916,
      "corrected_welch_p": 0.37002287378494,
      "n_left": 12,
      "n_right": 12
    },
    {
      "dataset": "phase2_popcount",
      "comparison": "excitation_inversion_E0_minus_O3",
      "depth": 4,
      "left_raw": 0.08797200520833333,
      "right_raw": 0.11936442057291667,
      "left_corrected": 0.07489504617968094,
      "right_corrected": 0.1017667092379736,
      "raw_relative": -0.26299642065791723,
      "corrected_relative": -0.26405160645860465,
      "corrected_welch_t": -13.198013547354794,
      "corrected_welch_p": 2.5914510699518206e-11,
      "n_left": 12,
      "n_right": 12
    },
    {
      "dataset": "phase2_popcount",
      "comparison": "original_E0_minus_O0",
      "depth": 6,
      "left_raw": 0.11448160807291667,
      "right_raw": 0.10432942708333333,
      "left_corrected": 0.10224601175482788,
      "right_corrected": 0.09634703196347032,