{
  "A_even": {
    "fidelities": [
      0.9203,
      0.9177,
      0.9187,
      0.9193,
      0.9197,
      0.9142,
      0.9182,
      0.9148,
      0.9202,
      0.922
    ],
    "mean": 0.9185,
    "std": 0.0023
  },
  "A_odd": {
    "fidelities": [
      0.8527,
      0.8568,
      0.8515,
      0.8491,
      0.8494,
      0.8517,
      0.8475,
      0.8531,
      0.8531,
      0.8609
    ],
    "mean": 0.8526,
    "std": 0.0037
  },
  "C_xy": {
    "fidelities": [
      0.8499,
      0.8546,
      0.8499,
      0.848,
      0.8416,
      0.8483,
      0.8495,
      0.85,
      0.8467,
      0.8462
    ],
    "mean": 0.8484,
    "std": 0.0032
  },
  "C_fim": {
    "fidelities": [
      0.9119,
      0.9167,
      0.9128,
      0.9175,
      0.9149,
      0.9148,
      0.9154,
      0.9198,
      0.9158,
      0.9187
    ],
    "mean": 0.9158,
    "std": 0.0023
  },
  "B_M+4": {
    "survivals": [
      0.9946,
      0.9938,
      0.9938,
      0.9928,
      0.994,
      0.9924,
      0.994,
      0.994,
      0.9922,
      0.9948
    ],
    "mean": 0.9936
  },
  "B_M+2": {
    "survivals": [
      0.0001,
      0.0,
      0.0,
      0.0,
      0.0,
      0.0,
      0.0,
      0.0,
      0.0,
      0.0
    ],
    "mean": 0.0
  },
  "B_M0": {
    "survivals": [
      0.0,
      0.0,
      0.0,
      0.0,
      0.0,
      0.0,
      0.0,
      0.0,
      0.0,
      0.0
    ],
    "mean": 0.0
  },
  "B_M-2": {
    "survivals": [
      0.0,
      0.0,
      0.0,
      0.0,
      0.0,
      0.0,
      0.0,
      0.0,
      0.0,
      0.0
    ],
    "mean": 0.0
  },
  "B_M-4": {
    "survivals": [
      0.9591,
      0.9611,
      0.9626,
      0.9592,
      0.9587,
      0.9567,
      0.9614,
      0.9604,
      0.9603,
      0.9552
    ],
    "mean": 0.9595
  },
  "experiment": "IBM Hardware v2 \u2014 3 fair experiments",
  "backend": "ibm_fez",
  "job_ids": {
    "A_even": "ibm-run-f303eb8f4cae6b90",
    "A_odd": "ibm-run-1db7222826cba2cc",
    "C_xy": "ibm-run-e161b54f52c388c6",
    "C_fim": "ibm-run-721a50394119e791",
    "B_M+4": "ibm-run-e25ce044a9384cf8",
    "B_M+2": "ibm-run-25507365c5e83e6f",
    "B_M0": "ibm-run-0fff063bb180f5ea",
    "B_M-2": "ibm-run-1e872de0fb7926a1",
    "B_M-4": "ibm-run-cff643fd2ec8df51"
  },
  "exp_A": {
    "t_stat": 52.0967,
    "p_value": 1.7770263219313476e-12
  },
  "exp_C": {
    "t_stat": -51.424,
    "p_value": 1.9968290921840108e-12
  }
}