{
  "artifact_id": "studio-kuramoto-scenario-meanfield-20260708",
  "boundaries": {
    "max_oscillators": 128,
    "max_steps": 4096
  },
  "expected": {
    "order_parameter": [
      0.6116919540310324,
      0.6186414061153401,
      0.625627761031269,
      0.6326458560829619,
      0.6396903121493714,
      0.6467555443321523,
      0.6538357744776088,
      0.6609250456040002,
      0.6680172382443404,
      0.6751060886911658,
      0.6821852091037786,
      0.6892481094105082,
      0.6962882209089913,
      0.7032989214368274,
      0.7102735619538647,
      0.7172054943464625,
      0.7240881002341679,
      0.730914820531136,
      0.7376791854891903,
      0.7443748449275096,
      0.7509955983363934,
      0.7575354245301399,
      0.7639885105174565,
      0.7703492792575214,
      0.77661241597618,
      0.7827728927299783,
      0.7888259909256917,
      0.7947673215294853,
      0.8005928427322658,
      0.8062988748754897,
      0.8118821124837028,
      0.8173396332953882,
      0.8226689042310553,
      0.8278677842856786,
      0.8329345243803026,
      0.8378677642536279,
      0.8426665265175229,
      0.8473302080396158,
      0.8518585688505693,
      0.8562517188026156,
      0.8605101022289743,
      0.8646344808706425,
      0.8686259153476602,
      0.8724857454564982,
      0.8762155695739898,
      0.8798172234417403,
      0.8832927585937436,
      0.8866444206747646,
      0.8898746278785631,
      0.8929859497140612,
      0.8959810862847736,
      0.8988628482429915,
      0.901634137555949,
      0.9042979291971169,
      0.9068572538523679,
      0.9093151817084519,
      0.9116748073703643,
      0.9139392359350169,
      0.9161115702313339,
      0.9181948992215595,
      0.9201922875452463,
      0.9221067661760711,
      0.9239413241522206,
      0.9256989013335215,
      0.9273823821326309,
      0.9289945901632958,
      0.9305382837458025,
      0.9320161522080749,
      0.9334308129203196,
      0.9347848090014697,
      0.9360806076368045,
      0.9373205989478965,
      0.9385070953582961,
      0.9396423314010295,
      0.9407284639169226,
      0.9417675725959003,
      0.9427616608166511,
      0.943712656743348,
      0.9446224146413941,
      0.9454927163773917,
      0.9463252730716679,
      0.9471217268747032,
      0.9478836528416842,
      0.9486125608821097,
      0.9493098977639329,
      0.9499770491540888,
      0.9506153416794598,
      0.9512260449943535,
      0.9518103738424241,
      0.9523694901026567,
      0.9529045048105719,
      0.9534164801471862,
      0.9539064313895121,
      0.9543753288174908,
      0.9548240995732425,
      0.9552536294693894,
      0.955664764743991,
      0.9560583137602954,
      0.956435048650111,
      0.9567957069001092,
      0.9571409928808176,
      0.9574715793184281,
      0.9577881087098817,
      0.9580911946819471,
      0.9583814232952417,
      0.9586593542943262,
      0.9589255223051548,
      0.9591804379812766,
      0.9594245891002793,
      0.9596584416120311,
      0.9598824406403247,
      0.960097011439555,
      0.960302560308076,
      0.9604994754598909,
      0.9606881278563052,
      0.9608688719991711,
      0.9610420466873134,
      0.9612079757377006,
      0.9613669686728855,
      0.9615193213762023,
      0.9616653167161596,
      0.9618052251414204,
      0.9619393052477262,
      0.9620678043180517,
      0.9621909588372493,
      0.9623089949823799,
      0.9624221290898821,
      0.962530568100685,
      0.9626345099843201,
      0.9627341441430418,
      0.9628296517969224,
      0.9629212063508431,
      0.9630089737442565,
      0.9630931127845601,
      0.9631737754648783,
      0.9632511072670089,
      0.9633252474502617,
      0.963396329326871,
      0.9634644805246401,
      0.9635298232374345,
      0.9635924744641197,
      0.963652546236499,
      0.963710145836788,
      0.9637653760051319,
      0.9638183351376435,
      0.9638691174754226,
      0.9639178132849878,
      0.9639645090305331,
      0.9640092875384019,
      0.9640522281541468,
      0.964093406892532,
      0.9641328965808085,
      0.9641707669955858,
      0.9642070849935966,
      0.9642419146366464,
      0.9642753173110188,
      0.964307351841593,
      0.9643380746009262,
      0.9643675396135297,
      0.9643957986555611,
      0.9644229013501486,
      0.9644488952585445,
      0.9644738259672998,
      0.9644977371716439,
      0.9645206707552397,
      0.9645426668664822,
      0.9645637639914927,
      0.9645839990239633,
      0.9646034073319881,
      0.9646220228220215,
      0.9646398780000887,
      0.964657004030372,
      0.9646734307912928,
      0.9646891869291929,
      0.9647042999097327,
      0.9647187960670959,
      0.9647327006511048,
      0.9647460378723364,
      0.9647588309453226,
      0.964771102129928,
      0.9647828727709725,
      0.9647941633361858,
      0.9648049934525611,
      0.9648153819411762,
      0.9648253468505531,
      0.9648349054886154,
      0.9648440744533043,
      0.9648528696619125,
      0.9648613063791905,
      0.964869399244276,
      0.9648771622964999,
      0.9648846090001147,
      0.9648917522679906,
      0.9648986044843265,
      0.9649051775264151,
      0.9649114827854999,
      0.964917531186771,
      0.9649233332085254,
      0.9649288989005347,
      0.9649342379016512,
      0.9649393594566845,
      0.9649442724325785,
      0.9649489853339195,
      0.9649535063178029,
      0.9649578432080863,
      0.9649620035090526,
      0.9649659944185096,
      0.9649698228403492,
      0.9649734953965886,
      0.9649770184389165,
      0.9649803980597597,
      0.9649836401028993,
      0.964986750173646,
      0.9649897336485983,
      0.9649925956849993,
      0.9649953412297086,
      0.9649979750278062,
      0.965000501630841,
      0.965002925404744,
      0.9650052505374135,
      0.96500748104599,
      0.9650096207838341,
      0.9650116734472155,
      0.9650136425817308,
      0.9650155315884559,
      0.9650173437298477,
      0.9650190821354023,
      0.9650207498070851,
      0.9650223496245334,
      0.9650238843500509,
      0.965025356633395,
      0.9650267690163684,
      0.9650281239372245,
      0.9650294237348906,
      0.9650306706530202,
      0.9650318668438775,
      0.9650330143720657,
      0.9650341152181012,
      0.9650351712818419,
      0.965036184385776,
      0.9650371562781758,
      0.9650380886361232,
      0.9650389830684121,
      0.9650398411183309,
      0.9650406642663323,
      0.9650414539325943,
      0.9650422114794763,
      0.9650429382138749,
      0.9650436353894836,
      0.965044304208961,
      0.9650449458260089,
      0.9650455613473679,
      0.9650461518347295,
      0.9650467183065715,
      0.9650472617399177,
      0.9650477830720269,
      0.9650482832020117,
      0.9650487629923933,
      0.9650492232705897,
      0.9650496648303467,
      0.9650500884331085,
      0.9650504948093328,
      0.9650508846597535,
      0.9650512586565888,
      0.9650516174447044,
      0.9650519616427258,
      0.9650522918441071,
      0.9650526086181552,
      0.9650529125110135,
      0.9650532040466046,
      0.9650534837275336,
      0.9650537520359582,
      0.9650540094344185,
      0.9650542563666376,
      0.9650544932582857,
      0.965054720517716,
      0.965054938536669,
      0.9650551476909488,
      0.9650553483410719,
      0.9650555408328884,
      0.9650557254981793,
      0.9650559026552301,
      0.9650560726093788,
      0.9650562356535426,
      0.9650563920687238,
      0.9650565421244947,
      0.9650566860794628,
      0.9650568241817167,
      0.9650569566692534,
      0.9650570837703902,
      0.9650572057041579,
      0.9650573226806785,
      0.9650574349015278,
      0.965057542560083,
      0.9650576458418569,
      0.9650577449248166,
      0.9650578399796913,
      0.9650579311702672,
      0.9650580186536687,
      0.9650581025806304,
      0.9650581830957566
    ],