{
  "claim_boundary": "Descriptive condition comparison for the same 8-channel alpha-band PLV pipeline; this is not a physical-unit K_nm magnitude validation.",
  "cohorts": {
    "baseline_eyes_closed": {
      "artifact": "data/knm_physical_validation/measured_couplings_baseline_closed.json",
      "condition": "baseline eyes closed",
      "n_records": 109
    },
    "baseline_eyes_open": {
      "artifact": "data/knm_physical_validation/measured_couplings.json",
      "condition": "baseline eyes open",
      "n_records": 109
    }
  },
  "comparison": "PhysioNet EEGMMIDB baseline eyes closed minus baseline eyes open",
  "edges": [
    {
      "absolute_delta": 0.08257937756522771,
      "closed_q25": 0.8356772562931774,
      "closed_q75": 0.9397551421261656,
      "closed_uncertainty": 0.007447617088907847,
      "closed_value": 0.89385156692081,
      "delta_closed_minus_open": 0.08257937756522771,
      "i": 1,
      "j": 2,
      "open_q25": 0.7328043914742204,
      "open_q75": 0.8713257372296597,
      "open_uncertainty": 0.009178423496450991,
      "open_value": 0.8112721893555823
    },
    {
      "absolute_delta": 0.11743458612381386,
      "closed_q25": 0.8089883473186135,
      "closed_q75": 0.8958362540535982,
      "closed_uncertainty": 0.006174224591066844,
      "closed_value": 0.8706463033533239,
      "delta_closed_minus_open": 0.11743458612381386,
      "i": 1,
      "j": 3,
      "open_q25": 0.6797824626490125,
      "open_q75": 0.8064454228983925,
      "open_uncertainty": 0.008940369026781378,
      "open_value": 0.7532117172295101
    },
    {
      "absolute_delta": 0.10769777800719704,
      "closed_q25": 0.7342053570014667,
      "closed_q75": 0.8688787072338165,
      "closed_uncertainty": 0.009132932737401787,
      "closed_value": 0.8076640436226413,
      "delta_closed_minus_open": 0.10769777800719704,
      "i": 1,
      "j": 4,
      "open_q25": 0.6092228311345288,
      "open_q75": 0.751879356149686,
      "open_uncertainty": 0.009796720251320008,
      "open_value": 0.6999662656154443
    },
    {
      "absolute_delta": 0.0972457830587039,
      "closed_q25": 0.5759684346605077,
      "closed_q75": 0.7236784227788746,
      "closed_uncertainty": 0.011054413416224516,
      "closed_value": 0.6593152004841402,
      "delta_closed_minus_open": 0.0972457830587039,
      "i": 1,
      "j": 5,
      "open_q25": 0.4704432287459945,
      "open_q75": 0.6476033320915473,
      "open_uncertainty": 0.012679278262234733,
      "open_value": 0.5620694174254363
    },
    {
      "absolute_delta": 0.10739390809700416,
      "closed_q25": 0.4806343569751662,
      "closed_q75": 0.6361605629839981,
      "closed_uncertainty": 0.01162911207415908,
      "closed_value": 0.5733951919426254,
      "delta_closed_minus_open": 0.10739390809700416,
      "i": 1,
      "j": 6,
      "open_q25": 0.38881879005519254,
      "open_q75": 0.5618987494906491,
      "open_uncertainty": 0.012680899106301992,
      "open_value": 0.4660012838456213
    },
    {
      "absolute_delta": 0.0376292936507871,
      "closed_q25": 0.34728001129000385,
      "closed_q75": 0.4492537797093978,
      "closed_uncertainty": 0.006429729781328061,
      "closed_value": 0.3768008052847081,
      "delta_closed_minus_open": 0.0376292936507871,
      "i": 1,
      "j": 7,
      "open_q25": 0.2928646591763788,
      "open_q75": 0.4050832923589152,
      "open_uncertainty": 0.007613673699584768,
      "open_value": 0.339171511633921
    },
    {
      "absolute_delta": 0.06105521954676485,
      "closed_q25": 0.3307763228962252,
      "closed_q75": 0.44949711138959264,
      "closed_uncertainty": 0.008313685427148925,
      "closed_value": 0.378497787859325,
      "delta_closed_minus_open": 0.06105521954676485,
      "i": 1,
      "j": 8,
      "open_q25": 0.2833458909114821,
      "open_q75": 0.3765289328423831,
      "open_uncertainty": 0.005395157078421674,
      "open_value": 0.3174425683125601
    },
    {
      "absolute_delta": 0.13590081702992052,
      "closed_q25": 0.744070891509535,
      "closed_q75": 0.8664369916544347,
      "closed_uncertainty": 0.007891850231127982,
      "closed_value": 0.8222549969684807,
      "delta_closed_minus_open": 0.13590081702992052,
      "i": 2,
      "j": 3,
      "open_q25": 0.6374937412555778,
      "open_q75": 0.7476116554957207,
      "open_uncertainty": 0.0081313611919789,
      "open_value": 0.6863541799385602
    },
    {
      "absolute_delta": 0.1185613100776074,
      "closed_q25": 0.8025482116328991,
      "closed_q75": 0.8974999796954308,
      "closed_uncertainty": 0.006163841631836871,
      "closed_value": 0.8635458737166718,
      "delta_closed_minus_open": 0.1185613100776074,
      "i": 2,
      "j": 4,
      "open_q25": 0.667781168872781,
      "open_q75": 0.805884793135239,
      "open_uncertainty": 0.009278709335261143,
      "open_value": 0.7449845636390644
    },
    {
      "absolute_delta": 0.11282835475341468,
      "closed_q25": 0.5374267985890788,
      "closed_q75": 0.6844826772668335,
      "closed_uncertainty": 0.010827555060669894,
      "closed_value": 0.6223649485374286,
      "delta_closed_minus_open": 0.11282835475341468,
      "i": 2,
      "j": 5,
      "open_q25": 0.43168520134006966,
      "open_q75": 0.5927491709538556,
      "open_uncertainty": 0.011517696644927739,
      "open_value": 0.509536593784014
    },
    {
      "absolute_delta": 0.10222588130553473,
      "closed_q25": 0.503849596286039,
      "closed_q75": 0.6667955731556087,
      "closed_uncertainty": 0.011369660622621078,
      "closed_value": 0.6000102489609701,
      "delta_closed_minus_open": 0.10222588130553473,
      "i": 2,
      "j": 6,
      "open_q25": 0.39486810251290566,
      "open_q75": 0.5831347002391273,
      "open_uncertainty": 0.012910613832458482,
      "open_value": 0.4977843676554354
    },
    {
      "absolute_delta": 0.05449894334492622,
      "closed_q25": 0.3262624817055082,
      "closed_q75": 0.44213889771965664,
      "closed_uncertainty": 0.007124011776166472,
      "closed_value": 0.37166791926004694,
      "delta_closed_minus_open": 0.05449894334492622,
      "i": 2,
      "j": 7,
      "open_q25": 0.28219852315501226,
      "open_q75": 0.3678434524685803,
      "open_uncertainty": 0.005699598245080135,
      "open_value": 0.3171689759151207
    },
    {
      "absolute_delta": 0.06427364818200776,
      "closed_q25": 0.32829202613877706,
      "closed_q75": 0.4551704988658313,
      "closed_uncertainty": 0.008754639699037094,
      "closed_value": 0.3795823723142063,
      "delta_closed_minus_open": 0.06427364818200776,
      "i": 2,
      "j": 8,
      "open_q25": 0.283249794582909,
      "open_q75": 0.35622613024523425,
      "open_uncertainty": 0.005438992109576288,
      "open_value": 0.3153087241321985
    },
    {
      "absolute_delta": 0.08020236032339201,
      "closed_q25": 0.7836453304279319,
      "closed_q75": 0.8960545959234504,
      "closed_uncertainty": 0.007858542841816996,
      "closed_value": 0.8515471156152874,
      "delta_closed_minus_open": 0.08020236032339201,
      "i": 3,
      "j": 4,
      "open_q25": 0.7028681903493726,
      "open_q75": 0.8256086790045385,
      "open_uncertainty": 0.008744244540526386,
      "open_value": 0.7713447552918954
    },
    {
      "absolute_delta": 0.0559294685761027,
      "closed_q25": 0.7117718809532126,
      "closed_q75": 0.8424255093352321,
      "closed_uncertainty": 0.009097636010086585,
      "closed_value": 0.7939823137325713,
      "delta_closed_minus_open": 0.0559294685761027,
      "i": 3,
      "j": 5,
      "open_q25": 0.6723068673309982,
      "open_q75": 0.8123024745925285,
      "open_uncertainty": 0.010499998096492586,
      "open_value": 0.7380528451564686
    },
    {
      "absolute_delta": 0.06482656062478598,
      "closed_q25": 0.5648117306638716,
      "closed_q75": 0.7139389242711138,
      "closed_uncertainty": 0.009604571050428019,
      "closed_value": 0.6596509924913316,