backend,n_observables,mean_absolute_deviation,max_absolute_deviation,readout_mitigated_mean_absolute_deviation,readout_mitigated_max_absolute_deviation
ibm_fez,54,0.15282093077862535,0.47901490766488014,0.1513169450615788,0.4868750566558935
ibm_marrakesh,54,0.12989296537986128,0.5560906424788263,0.12930386230559288,0.5648340543137427
