{
  "analysis_job_ids": [
    "d86hs6qs46sc73f70h90"
  ],
  "backend": "ibm_fez",
  "channel_summary_sha256": "775594dd3efc8f519111365179659d41903cf774bcde1d20a378d53b6ee8e7aa",
  "claim_boundary": "small preregistered reduced-Pauli ZNE stress test only; not a backend-general, advantage, full-tomography, or full-causal mechanism claim",
  "counts_artifact": "data/phase3_entanglement_tomography/entanglement_tomography_live_ibm_fez_2026-05-20T023600Z.json",
  "job_ids": [
    "d86hs6qs46sc73f70h90",
    "d86hsltg7okc73el4lg0"
  ],
  "linear_zne_max_absolute_deviation": 0.5243436837065467,
  "linear_zne_mean_absolute_deviation": 0.44124749932943935,
  "n_channels": 5,
  "n_scale_rows": 15,
  "noise_scales": [
    1,
    3,
    5
  ],
  "quadratic_zne_max_absolute_deviation": 0.5869657540190463,
  "quadratic_zne_mean_absolute_deviation": 0.4477931807530503,
  "readout_mitigated_linear_zne_max_absolute_deviation": 0.5359759700978934,
  "readout_mitigated_linear_zne_mean_absolute_deviation": 0.4468173734963394,
  "readout_mitigated_quadratic_zne_max_absolute_deviation": 0.6008712534099117,
  "readout_mitigated_quadratic_zne_mean_absolute_deviation": 0.4540079659038133,
  "readout_mitigation": {
    "assignment_matrix": [
      [
        0.965087890625,
        0.0142822265625,
        0.0076904296875,
        0.0003662109375,
        0.0107421875,
        0.000244140625,
        0.0,
        0.0,
        0.0216064453125,
        0.000244140625,
        0.0001220703125,
        0.0,
        0.0,
        0.0,
        0.0,
        0.0
      ],
      [
        0.0125732421875,
        0.9609375,
        0.000244140625,
        0.0067138671875,
        0.0001220703125,
        0.0089111328125,
        0.0,
        0.0,
        0.0,
        0.0194091796875,
        0.0,
        0.000244140625,
        0.0,
        0.0001220703125,
        0.0,
        0.0
      ],
      [
        0.00244140625,
        0.0,
        0.9630126953125,
        0.0167236328125,
        0.0001220703125,
        0.0,
        0.0098876953125,
        0.0001220703125,
        0.0,
        0.0,
        0.021484375,
        0.0001220703125,
        0.0,
        0.0,
        0.0001220703125,
        0.0
      ],
      [
        0.0,
        0.0023193359375,
        0.0103759765625,
        0.9586181640625,
        0.0,
        0.0,
        0.0,
        0.0098876953125,
        0.0,
        0.0,
        0.0001220703125,
        0.02001953125,
        0.0,
        0.0,
        0.0,
        0.0
      ],
      [
        0.004150390625,
        0.0001220703125,
        0.0,
        0.0,
        0.95947265625,
        0.0166015625,
        0.0093994140625,
        0.0001220703125,
        0.0,
        0.0,
        0.0,
        0.0,
        0.0194091796875,
        0.0006103515625,
        0.0,
        0.0
      ],
      [
        0.0001220703125,
        0.001953125,
        0.0,
        0.0001220703125,
        0.0123291015625,
        0.9560546875,
        0.0,
        0.0076904296875,
        0.0,
        0.000244140625,
        0.0,
        0.0,
        0.0001220703125,
        0.021240234375,
        0.0,
        0.000244140625
      ],
      [
        0.0,
        0.0,
        0.0025634765625,
        0.0,
        0.0013427734375,
        0.0001220703125,
        0.9525146484375,
        0.016357421875,
        0.0,
        0.0,
        0.0001220703125,
        0.0,
        0.0,
        0.0,
        0.018310546875,
        0.0003662109375
      ],
      [
        0.0,
        0.0,
        0.0,
        0.0032958984375,
        0.0,
        0.0018310546875,
        0.012451171875,
        0.9488525390625,
        0.0,
        0.0,
        0.0,
        0.000244140625,
        0.0,
        0.0,
        0.0,
        0.020263671875
      ],
      [
        0.015625,
        0.0001220703125,
        0.0001220703125,
        0.0,
        0.0,
        0.0,
        0.0,
        0.0,
        0.9619140625,
        0.0146484375,
        0.0072021484375,
        0.000244140625,
        0.01318359375,
        0.0006103515625,
        0.0,
        0.0
      ],
      [
        0.0,
        0.0201416015625,
        0.0,
        0.0001220703125,
        0.0,
        0.0,
        0.0,
        0.0,
        0.012451171875,
        0.9588623046875,
        0.000244140625,
        0.0074462890625,
        0.0001220703125,
        0.0115966796875,
        0.0,
        0.0001220703125
      ],
      [
        0.0,
        0.0,
        0.0159912109375,
        0.0001220703125,
        0.0,
        0.0,
        0.0003662109375,
        0.0001220703125,
        0.001220703125,
        0.0,
        0.9549560546875,
        0.0166015625,
        0.0001220703125,
        0.0,
        0.0103759765625,
        0.0
      ],
      [
        0.0,
        0.0001220703125,
        0.0,
        0.0137939453125,
        0.0,
        0.0,
        0.0,
        0.0006103515625,
        0.0,
        0.001953125,
        0.010498046875,
        0.9498291015625,
        0.0,
        0.0,
        0.0001220703125,
        0.0113525390625
      ],
      [
        0.0,
        0.0,
        0.0,
        0.0,
        0.015380859375,
        0.0003662109375,
        0.0,
        0.0,
        0.0028076171875,
        0.0,
        0.0,
        0.0,
        0.95458984375,
        0.0150146484375,
        0.0079345703125,
        0.000244140625
      ],
      [
        0.0,
        0.0,
        0.0,
        0.0,
        0.0003662109375,
        0.015869140625,
        0.0,
        0.0,
        0.0,
        0.004638671875,
        0.0,
        0.0,
        0.0107421875,
        0.9488525390625,
        0.00048828125,
        0.0079345703125
      ],
      [
        0.0,
        0.0,
        0.0,
        0.0,
        0.0001220703125,
        0.0,
        0.01513671875,
        0.00048828125,
        0.0,
        0.0,
        0.0052490234375,
        0.000244140625,
        0.001708984375,
        0.0001220703125,
        0.9495849609375,
        0.016357421875
      ],
      [
        0.0,
        0.0,
        0.0,
        0.0001220703125,
        0.0,
        0.0,
        0.000244140625,
        0.0157470703125,
        0.0,
        0.0,
        0.0,
        0.0050048828125,
        0.0,
        0.0018310546875,
        0.0130615234375,
        0.943115234375
      ]
    ],
    "claim_boundary": "full correlated readout inversion only; not a ZNE/PEC result and not a correction for basis-rotation or coherent gate errors",
    "method": "full_correlated_readout_inverse",
    "n_calibration_circuits": 16,
    "source": "full computational-basis readout calibration from the same live artefact"
  },
  "reference_csv": "data/phase3_entanglement_tomography/entanglement_observable_rows_2026-05-07.csv",
  "scale1_max_absolute_deviation": 0.4900826159982135,
  "scale1_mean_absolute_deviation": 0.4196274906488838,
  "scale_rows_sha256": "f93435be67f98e4f6ded9d1e0378c06c2cc4586343e1cf2bed895fa00f917e5a",
  "schema": "scpn_phase3_entanglement_zne_analysis_v1",
  "status": "completed"
}
