{
  "analysis_job_ids": [
    "d86i8fas46sc73f70vg0"
  ],
  "backend": "ibm_kingston",
  "channel_summary_sha256": "c5e5e39132f3e3de79d50fe5cedc66dd4e74258297bdd877dfe2954d0e9baad3",
  "claim_boundary": "small preregistered reduced-Pauli ZNE stress test only; not a backend-general, advantage, full-tomography, or full-causal mechanism claim",
  "counts_artifact": "data/phase3_entanglement_tomography/entanglement_tomography_live_ibm_kingston_2026-05-20T030211Z.json",
  "job_ids": [
    "d86i8fas46sc73f70vg0",
    "d86ijr9789is738vnh30"
  ],
  "linear_zne_max_absolute_deviation": 0.5712002344927151,
  "linear_zne_mean_absolute_deviation": 0.4729152510655504,
  "n_channels": 5,
  "n_scale_rows": 15,
  "noise_scales": [
    1,
    3,
    5
  ],
  "quadratic_zne_max_absolute_deviation": 0.5872185721663259,
  "quadratic_zne_mean_absolute_deviation": 0.45559754273221703,
  "readout_mitigated_linear_zne_max_absolute_deviation": 0.5835714759993366,
  "readout_mitigated_linear_zne_mean_absolute_deviation": 0.480609277847894,
  "readout_mitigated_quadratic_zne_max_absolute_deviation": 0.6002940286045786,
  "readout_mitigated_quadratic_zne_mean_absolute_deviation": 0.46293099868420956,
  "readout_mitigation": {
    "assignment_matrix": [
      [
        0.964599609375,
        0.0091552734375,
        0.0108642578125,
        0.0001220703125,
        0.010498046875,
        0.000244140625,
        0.000244140625,
        0.0,
        0.009765625,
        0.0,
        0.0001220703125,
        0.0,
        0.0,
        0.0,
        0.0,
        0.0
      ],
      [
        0.012939453125,
        0.96923828125,
        0.0,
        0.01171875,
        0.000244140625,
        0.0057373046875,
        0.0,
        0.0001220703125,
        0.0001220703125,
        0.009033203125,
        0.0,
        0.0,
        0.0,
        0.0,
        0.0,
        0.0
      ],
      [
        0.0074462890625,
        0.0,
        0.966552734375,
        0.0115966796875,
        0.0,
        0.0,
        0.00634765625,
        0.0001220703125,
        0.000244140625,
        0.0,
        0.0079345703125,
        0.0,
        0.0,
        0.0,
        0.0001220703125,
        0.0
      ],
      [
        0.0001220703125,
        0.007080078125,
        0.008544921875,
        0.9639892578125,
        0.0,
        0.0,
        0.0001220703125,
        0.0074462890625,
        0.0,
        0.0,
        0.0,
        0.0123291015625,
        0.0,
        0.0,
        0.0,
        0.000244140625
      ],
      [
        0.00830078125,
        0.0,
        0.0003662109375,
        0.0,
        0.964111328125,
        0.010986328125,
        0.0135498046875,
        0.0001220703125,
        0.0,
        0.0,
        0.0,
        0.0,
        0.01220703125,
        0.0,
        0.000244140625,
        0.0
      ],
      [
        0.00048828125,
        0.0079345703125,
        0.0,
        0.000244140625,
        0.0107421875,
        0.971435546875,
        0.0,
        0.0147705078125,
        0.0,
        0.0,
        0.0,
        0.0,
        0.000244140625,
        0.009765625,
        0.0,
        0.0001220703125
      ],
      [
        0.0,
        0.0,
        0.010498046875,
        0.0001220703125,
        0.006591796875,
        0.0001220703125,
        0.962158203125,
        0.0098876953125,
        0.0,
        0.0,
        0.0,
        0.0,
        0.0001220703125,
        0.0,
        0.0091552734375,
        0.0001220703125
      ],
      [
        0.0,
        0.0,
        0.0001220703125,
        0.0101318359375,
        0.0001220703125,
        0.00537109375,
        0.0113525390625,
        0.9591064453125,
        0.0,
        0.0,
        0.0,
        0.0001220703125,
        0.0,
        0.000244140625,
        0.000244140625,
        0.0091552734375
      ],
      [
        0.005859375,
        0.0,
        0.0,
        0.0,
        0.0,
        0.0,
        0.0,
        0.0,
        0.97021484375,
        0.01123046875,
        0.01171875,
        0.0,
        0.0084228515625,
        0.0,
        0.0,
        0.0
      ],
      [
        0.000244140625,
        0.006591796875,
        0.0,
        0.0,
        0.0,
        0.0,
        0.0,
        0.0,
        0.0103759765625,
        0.967041015625,
        0.0001220703125,
        0.0125732421875,
        0.0001220703125,
        0.0081787109375,
        0.0,
        0.0
      ],
      [
        0.0,
        0.0,
        0.0030517578125,
        0.0,
        0.0,
        0.0,
        0.0,
        0.0,
        0.0042724609375,
        0.0,
        0.96337890625,
        0.0086669921875,
        0.0,
        0.0,
        0.008544921875,
        0.0
      ],
      [
        0.0,
        0.0,
        0.0,
        0.001953125,
        0.0,
        0.0,
        0.0,
        0.0001220703125,
        0.0,
        0.00634765625,
        0.0106201171875,
        0.9560546875,
        0.0,
        0.0,
        0.000244140625,
        0.00830078125
      ],
      [
        0.0,
        0.0,
        0.0,
        0.0,
        0.007568359375,
        0.0,
        0.0,
        0.0,
        0.0048828125,
        0.0001220703125,
        0.0001220703125,
        0.0,
        0.9642333984375,
        0.010009765625,
        0.0113525390625,
        0.0
      ],
      [
        0.0,
        0.0,
        0.0,
        0.0,
        0.0001220703125,
        0.0059814453125,
        0.0,
        0.0,
        0.0001220703125,
        0.0062255859375,
        0.0,
        0.0001220703125,
        0.01025390625,
        0.965087890625,
        0.0001220703125,
        0.0108642578125
      ],
      [
        0.0,
        0.0,
        0.0,
        0.0,
        0.0,
        0.0,
        0.006103515625,
        0.0,
        0.0,
        0.0,
        0.0057373046875,
        0.000244140625,
        0.00439453125,
        0.0001220703125,
        0.9610595703125,
        0.00927734375
      ],
      [
        0.0,
        0.0,
        0.0,
        0.0001220703125,
        0.0,
        0.0001220703125,
        0.0001220703125,
        0.00830078125,
        0.0,
        0.0,
        0.000244140625,
        0.0098876953125,
        0.0,
        0.006591796875,
        0.0089111328125,
        0.9619140625
      ]
    ],
    "claim_boundary": "full correlated readout inversion only; not a ZNE/PEC result and not a correction for basis-rotation or coherent gate errors",
    "method": "full_correlated_readout_inverse",
    "n_calibration_circuits": 16,
    "source": "full computational-basis readout calibration from the same live artefact"
  },
  "reference_csv": "data/phase3_entanglement_tomography/entanglement_observable_rows_2026-05-07.csv",
  "scale1_max_absolute_deviation": 0.5089628243315468,
  "scale1_mean_absolute_deviation": 0.4533514489822172,
  "scale_rows_sha256": "0e2e39786ff8cded087115419f15ee74f0ca63f101c97eb1a93a1b85b936d8c4",
  "schema": "scpn_phase3_entanglement_zne_analysis_v1",
  "status": "completed"
}
