{
  "analysis_job_ids": [
    "d86pul0p0eas73dla3dg"
  ],
  "backend": "ibm_kingston",
  "channel_summary_sha256": "d9b23413d1618dfd003b2848c3289e5c53f854c68e2d8fac991f4c2ec738f1fc",
  "claim_boundary": "small preregistered reduced-Pauli ZNE stress test only; not a backend-general, advantage, full-tomography, or full-causal mechanism claim",
  "counts_artifact": "data/phase3_entanglement_tomography/entanglement_tomography_live_ibm_kingston_2026-05-20T114719Z.json",
  "job_ids": [
    "d86pul0p0eas73dla3dg",
    "d86pul8p0eas73dla3eg"
  ],
  "linear_zne_max_absolute_deviation": 0.5787870430815468,
  "linear_zne_mean_absolute_deviation": 0.48161750800999487,
  "n_channels": 5,
  "n_scale_rows": 15,
  "noise_scales": [
    1,
    3,
    5
  ],
  "quadratic_zne_max_absolute_deviation": 0.6545520170398794,
  "quadratic_zne_mean_absolute_deviation": 0.48251293904941395,
  "readout_mitigated_linear_zne_max_absolute_deviation": 0.592742894854929,
  "readout_mitigated_linear_zne_mean_absolute_deviation": 0.48931903445861447,
  "readout_mitigated_quadratic_zne_max_absolute_deviation": 0.6710394095235896,
  "readout_mitigated_quadratic_zne_mean_absolute_deviation": 0.4991513086078297,
  "readout_mitigation": {
    "assignment_matrix": [
      [
        0.964599609375,
        0.0096435546875,
        0.00927734375,
        0.0,
        0.0072021484375,
        0.0001220703125,
        0.000244140625,
        0.0,
        0.0101318359375,
        0.000244140625,
        0.0001220703125,
        0.0,
        0.0,
        0.0,
        0.0,
        0.0
      ],
      [
        0.010498046875,
        0.9708251953125,
        0.0003662109375,
        0.01123046875,
        0.0,
        0.008056640625,
        0.0,
        0.0,
        0.0001220703125,
        0.0140380859375,
        0.0,
        0.0001220703125,
        0.0,
        0.0001220703125,
        0.0,
        0.0
      ],
      [
        0.0064697265625,
        0.000244140625,
        0.962158203125,
        0.0074462890625,
        0.0,
        0.0,
        0.009521484375,
        0.0001220703125,
        0.0,
        0.0,
        0.012451171875,
        0.0001220703125,
        0.0,
        0.0,
        0.0001220703125,
        0.0
      ],
      [
        0.0001220703125,
        0.006103515625,
        0.008056640625,
        0.9681396484375,
        0.0,
        0.0,
        0.0,
        0.0076904296875,
        0.0,
        0.0,
        0.0001220703125,
        0.0145263671875,
        0.0,
        0.0,
        0.0,
        0.0
      ],
      [
        0.0086669921875,
        0.0,
        0.0,
        0.0,
        0.9725341796875,
        0.0108642578125,
        0.009765625,
        0.0,
        0.0,
        0.0,
        0.0,
        0.0,
        0.0118408203125,
        0.0,
        0.0,
        0.0
      ],
      [
        0.000244140625,
        0.0079345703125,
        0.0,
        0.0001220703125,
        0.00830078125,
        0.9681396484375,
        0.0003662109375,
        0.00927734375,
        0.0,
        0.0,
        0.0,
        0.0,
        0.0001220703125,
        0.01513671875,
        0.0,
        0.0
      ],
      [
        0.0,
        0.0,
        0.01025390625,
        0.0001220703125,
        0.0035400390625,
        0.0,
        0.9588623046875,
        0.0111083984375,
        0.0,
        0.0,
        0.0,
        0.0,
        0.0001220703125,
        0.0,
        0.0118408203125,
        0.0
      ],
      [
        0.0,
        0.0,
        0.000244140625,
        0.00341796875,
        0.0,
        0.0045166015625,
        0.0107421875,
        0.9642333984375,
        0.0,
        0.0,
        0.0,
        0.0001220703125,
        0.0,
        0.0,
        0.0,
        0.0135498046875
      ],
      [
        0.009033203125,
        0.0,
        0.00048828125,
        0.0,
        0.0001220703125,
        0.0,
        0.0,
        0.0,
        0.97119140625,
        0.010009765625,
        0.011474609375,
        0.0001220703125,
        0.0093994140625,
        0.0003662109375,
        0.0001220703125,
        0.0
      ],
      [
        0.0001220703125,
        0.0052490234375,
        0.0,
        0.000244140625,
        0.0,
        0.0001220703125,
        0.0,
        0.0,
        0.01025390625,
        0.96630859375,
        0.0,
        0.009033203125,
        0.0,
        0.010009765625,
        0.0,
        0.000244140625
      ],
      [
        0.0,
        0.0,
        0.009033203125,
        0.0001220703125,
        0.0,
        0.0,
        0.0001220703125,
        0.0,
        0.004150390625,
        0.0,
        0.9638671875,
        0.009521484375,
        0.0001220703125,
        0.0,
        0.009033203125,
        0.0001220703125
      ],
      [
        0.0,
        0.0,
        0.0001220703125,
        0.0091552734375,
        0.0,
        0.0,
        0.0,
        0.0,
        0.0001220703125,
        0.0050048828125,
        0.0074462890625,
        0.9578857421875,
        0.0,
        0.0,
        0.0,
        0.009521484375
      ],
      [
        0.000244140625,
        0.0,
        0.0,
        0.0,
        0.0081787109375,
        0.0,
        0.0,
        0.0,
        0.00390625,
        0.0,
        0.000244140625,
        0.0,
        0.96533203125,
        0.0076904296875,
        0.0084228515625,
        0.0
      ],
      [
        0.0,
        0.0,
        0.0,
        0.0,
        0.0,
        0.0081787109375,
        0.0,
        0.0,
        0.0001220703125,
        0.00439453125,
        0.0,
        0.000244140625,
        0.0086669921875,
        0.962158203125,
        0.000244140625,
        0.010498046875
      ],
      [
        0.0,
        0.0,
        0.0,
        0.0,
        0.0001220703125,
        0.0,
        0.0103759765625,
        0.0,
        0.0,
        0.0,
        0.0037841796875,
        0.0001220703125,
        0.0042724609375,
        0.0,
        0.962646484375,
        0.01025390625
      ],
      [
        0.0,
        0.0,
        0.0,
        0.0,
        0.0,
        0.0,
        0.0,
        0.007568359375,
        0.0,
        0.0,
        0.00048828125,
        0.0081787109375,
        0.0001220703125,
        0.0045166015625,
        0.007568359375,
        0.955810546875
      ]
    ],
    "claim_boundary": "full correlated readout inversion only; not a ZNE/PEC result and not a correction for basis-rotation or coherent gate errors",
    "method": "full_correlated_readout_inverse",
    "n_calibration_circuits": 16,
    "source": "full computational-basis readout calibration from the same live artefact"
  },
  "reference_csv": "data/phase3_entanglement_tomography/entanglement_observable_rows_2026-05-07.csv",
  "scale1_max_absolute_deviation": 0.5561633451648802,
  "scale1_mean_absolute_deviation": 0.4655910323155505,
  "scale_rows_sha256": "f8e5d5e1ca8a30aaf5efa0bbabb96141e50b48852917a984c4ffe02532e090a4",
  "schema": "scpn_phase3_entanglement_zne_analysis_v1",
  "status": "completed"
}
