{
  "analysis_job_ids": [
    "d86hdk8p0eas73dkv9eg"
  ],
  "backend": "ibm_fez",
  "claim_boundary": "reduced-Pauli observable analysis only; no scalable tomography, quantum advantage, or backend-general claim",
  "counts_artifact": "data/phase3_entanglement_tomography/entanglement_tomography_live_ibm_fez_2026-05-20T020452Z.json",
  "job_ids": [
    "d86hdk8p0eas73dkv9eg",
    "d86hedp789is738vm7mg"
  ],
  "max_absolute_deviation": 0.4734810534982135,
  "mean_absolute_deviation": 0.14944515917368706,
  "n_observable_rows": 54,
  "readout_mitigated_max_absolute_deviation": 0.9912779304997331,
  "readout_mitigated_mean_absolute_deviation": 0.19528217448414878,
  "readout_mitigation": {
    "assignment_matrix": [
      [
        0.666015625,
        0.125,
        0.0032958984375,
        0.00048828125,
        0.007080078125,
        0.0010986328125,
        0.0,
        0.0,
        0.0130615234375,
        0.002197265625,
        0.0001220703125,
        0.0,
        0.0001220703125,
        0.0,
        0.0,
        0.0
      ],
      [
        0.3074951171875,
        0.8482666015625,
        0.0028076171875,
        0.0059814453125,
        0.0028076171875,
        0.0098876953125,
        0.0,
        0.0001220703125,
        0.0042724609375,
        0.0128173828125,
        0.0,
        0.0001220703125,
        0.0,
        0.0001220703125,
        0.0,
        0.0
      ],
      [
        0.0020751953125,
        0.0008544921875,
        0.6732177734375,
        0.1240234375,
        0.0,
        0.0,
        0.0059814453125,
        0.0018310546875,
        0.0,
        0.0,
        0.009521484375,
        0.002685546875,
        0.0,
        0.0,
        0.000244140625,
        0.0
      ],
      [
        0.0018310546875,
        0.002197265625,
        0.2960205078125,
        0.8477783203125,
        0.0,
        0.0001220703125,
        0.0042724609375,
        0.0091552734375,
        0.0,
        0.0,
        0.0040283203125,
        0.01416015625,
        0.0,
        0.0,
        0.0,
        0.0003662109375
      ],
      [
        0.0025634765625,
        0.00048828125,
        0.0,
        0.0,
        0.67041015625,
        0.12353515625,
        0.0059814453125,
        0.0010986328125,
        0.0,
        0.0,
        0.0,
        0.0,
        0.0091552734375,
        0.0018310546875,
        0.0001220703125,
        0.0
      ],
      [
        0.0003662109375,
        0.0037841796875,
        0.0,
        0.0,
        0.2957763671875,
        0.847412109375,
        0.002197265625,
        0.0057373046875,
        0.0,
        0.0,
        0.0,
        0.0,
        0.0052490234375,
        0.0123291015625,
        0.0,
        0.0001220703125
      ],
      [
        0.0,
        0.0,
        0.0035400390625,
        0.0006103515625,
        0.001220703125,
        0.000732421875,
        0.6763916015625,
        0.11962890625,
        0.0,
        0.0,
        0.0,
        0.0,
        0.0,
        0.0,
        0.0101318359375,
        0.0030517578125
      ],
      [
        0.0,
        0.0001220703125,
        0.0009765625,
        0.0018310546875,
        0.001708984375,
        0.0020751953125,
        0.2877197265625,
        0.8436279296875,
        0.0,
        0.0,
        0.0,
        0.0,
        0.0,
        0.0001220703125,
        0.0042724609375,
        0.0123291015625
      ],
      [
        0.0133056640625,
        0.0020751953125,
        0.0001220703125,
        0.0001220703125,
        0.0,
        0.0,
        0.0,
        0.0,
        0.6785888671875,
        0.1246337890625,
        0.0048828125,
        0.0015869140625,
        0.0059814453125,
        0.000244140625,
        0.0,
        0.0
      ],
      [
        0.006103515625,
        0.01708984375,
        0.0001220703125,
        0.0,
        0.0,
        0.0,
        0.0,
        0.0,
        0.2996826171875,
        0.8516845703125,
        0.001953125,
        0.007080078125,
        0.0023193359375,
        0.0081787109375,
        0.0,
        0.0001220703125
      ],
      [
        0.0001220703125,
        0.0,
        0.0133056640625,
        0.002197265625,
        0.0,
        0.0,
        0.0,
        0.0,
        0.0008544921875,
        0.00048828125,
        0.683349609375,
        0.1246337890625,
        0.0001220703125,
        0.0,
        0.007568359375,
        0.0013427734375
      ],
      [
        0.0,
        0.0,
        0.006591796875,
        0.0167236328125,
        0.0,
        0.0,
        0.0001220703125,
        0.0001220703125,
        0.000732421875,
        0.0030517578125,
        0.2933349609375,
        0.8463134765625,
        0.0,
        0.0,
        0.0023193359375,
        0.0081787109375
      ],
      [
        0.0001220703125,
        0.0,
        0.0,
        0.0,
        0.0137939453125,
        0.0008544921875,
        0.0,
        0.0,
        0.001953125,
        0.0009765625,
        0.0,
        0.0,
        0.67333984375,
        0.12451171875,
        0.0045166015625,
        0.0010986328125
      ],
      [
        0.0,
        0.0001220703125,
        0.0,
        0.0,
        0.007080078125,
        0.01416015625,
        0.0,
        0.0001220703125,
        0.0008544921875,
        0.0040283203125,
        0.0,
        0.0,
        0.3013916015625,
        0.850341796875,
        0.0025634765625,
        0.0059814453125
      ],
      [
        0.0,
        0.0,
        0.0,
        0.0,
        0.0001220703125,
        0.0,
        0.0115966796875,
        0.003173828125,
        0.0,
        0.0,
        0.002197265625,
        0.00048828125,
        0.001220703125,
        0.000244140625,
        0.678955078125,
        0.1278076171875
      ],
      [
        0.0,
        0.0,
        0.0,
        0.000244140625,
        0.0,
        0.0001220703125,
        0.0057373046875,
        0.015380859375,
        0.0,
        0.0001220703125,
        0.0006103515625,
        0.0029296875,
        0.0010986328125,
        0.0020751953125,
        0.289306640625,
        0.839599609375
      ]
    ],
    "claim_boundary": "full correlated readout inversion only; not a ZNE/PEC result and not a correction for basis-rotation or coherent gate errors",
    "method": "full_correlated_readout_inverse",
    "n_calibration_circuits": 16,
    "source": "full computational-basis readout calibration from the same live artefact"
  },
  "reference_csv": "data/phase3_entanglement_tomography/entanglement_observable_rows_2026-05-07.csv",
  "rows_sha256": "26f9481cf008892995d9ad43e00acf1fae267a56cd5614e5fb2cf2b892bf95ff",
  "schema": "scpn_phase3_entanglement_tomography_analysis_v1",
  "status": "completed"
}
