benchmark,max_loop_latency_ms,max_tick_latency_ms,mean_completed_steps,mean_final_coupling_scale,mean_final_r_live,mean_loop_latency_ms,mean_per_run_p95_tick_latency_ms,mean_per_run_p99_tick_latency_ms,mean_tick_latency_ms,measurement_shots,median_loop_latency_ms,n_qubits,p95_loop_latency_ms,p95_tick_latency_ms,p99_loop_latency_ms,p99_tick_latency_ms,qpu_seconds,repeats_requested,repeats_successful,rust_feedback_policy_available,sla_breaches
realtime_control_e2e,34.914329,7.224291970487684,8.0,1.055689842843659,0.6235639331366775,30.9635616,5.19634940486867,5.495351317920722,3.8525349656993058,32,30.4891335,2,34.5600566,5.867735063657165,34.84347452,6.727862306870516,0.0,12,10,True,2
realtime_control_e2e,57.176334,8.975147036835551,8.0,1.0804040497194942,0.5843146984961236,41.520509583333336,6.7197812379163215,7.120960457395995,5.168614899351572,64,39.533705,3,51.95590394999999,7.757305531413294,56.13224799,8.64205514662899,0.0,12,12,True,0
realtime_control_e2e,72.849682,10.715582990087569,8.0,1.0833466232780586,0.5810889612032357,53.082389,8.13177638920024,8.385711919981986,6.61542271336657,64,50.7738835,4,67.67411724999998,9.618014606530776,71.81456905,10.505181488115339,0.0,10,10,True,0
