benchmark,max_loop_latency_ms,max_tick_latency_ms,mean_completed_steps,mean_final_coupling_scale,mean_final_r_live,mean_loop_latency_ms,mean_per_run_p95_tick_latency_ms,mean_per_run_p99_tick_latency_ms,mean_tick_latency_ms,measurement_shots,median_loop_latency_ms,n_qubits,p95_loop_latency_ms,p95_tick_latency_ms,p99_loop_latency_ms,p99_tick_latency_ms,qpu_seconds,repeats_requested,repeats_successful,rust_feedback_policy_available,rust_full_loop_available,sla_breaches
realtime_control_e2e,198.610507,18.401380046270788,43.0,1.0790674073205777,0.5887678324528393,121.899984,3.8842398593745493,5.176529579524259,2.8238886073881457,32,170.672291,2,195.1414148,4.267569386865942,197.91668856,5.157373764086513,0.0,15,15,True,True,0
realtime_control_e2e,237.886426,9.210675023496151,50.13333333333333,1.1223282412592446,0.5162503933506887,174.00909153333333,4.79011454929908,5.743731975128562,3.459523993598773,64,216.991788,3,234.8778701,4.994386562611908,237.28471481999998,6.156117445789278,0.0,15,15,True,True,0
realtime_control_e2e,370.312003,13.749520003329962,61.916666666666664,1.213166549565825,0.3644800988703888,292.36523608333334,6.564286212718191,7.6012248256301955,4.709472682582112,64,292.589812,4,342.70781374999996,6.919107516296208,364.79116515000004,8.895908413687721,0.0,13,12,True,True,1
realtime_control_e2e_rust_full_loop,0.018324,0.00122,64.0,0.9080967290108615,0.8731721183152309,0.010429133333333333,0.00012426999999999995,0.0001692679999999998,0.00010223333333333333,32,0.009546,2,0.014824699999999996,0.00012800000000000002,0.017624139999999996,0.00017368999999999973,0.0,15,15,True,True,0
realtime_control_e2e_rust_full_loop,0.013908,0.00053,64.0,0.8756583108279168,0.9272361486201387,0.012041,0.00015358999999999994,0.00018067999999999988,0.000133825,64,0.011903,3,0.012587799999999996,0.00015204999999999996,0.013643959999999998,0.0001836899999999997,0.0,15,15,True,True,0
realtime_control_e2e_rust_full_loop,0.015729,0.000977,64.0,0.8654177610723222,0.9443037315461298,0.014256,0.00019103,0.0002462279999999998,0.00017071979166666666,64,0.014109,4,0.0156128,0.00019,0.01570576,0.00022963999999999987,0.0,15,15,True,True,0
