benchmark,max_loop_latency_ms,max_tick_latency_ms,mean_completed_steps,mean_final_coupling_scale,mean_final_r_live,mean_loop_latency_ms,mean_per_run_p95_tick_latency_ms,mean_per_run_p99_tick_latency_ms,mean_tick_latency_ms,measurement_shots,median_loop_latency_ms,n_qubits,p95_loop_latency_ms,p95_tick_latency_ms,p99_loop_latency_ms,p99_tick_latency_ms,qpu_seconds,repeats_requested,repeats_successful,rust_feedback_policy_available,rust_full_loop_available,sla_breaches
realtime_control_e2e,70.125751,17.103531048633158,8.0,1.0584695919352822,0.6192600781770528,51.67122,9.03214174402158,9.492800568643196,6.431213623727672,32,53.221229,2,63.076218,9.474368274095466,68.71584440000001,14.296870991238379,0.0,12,11,True,True,1
realtime_control_e2e,68.28819,13.376617047470063,8.0,1.0804040497194942,0.5843146984961236,56.61424933333333,9.410570733840965,9.997177222830942,7.046773531934984,64,59.431197999999995,3,66.46544105000001,10.574581756372936,67.92364021,12.422564264852552,0.0,12,12,True,True,0
realtime_control_e2e,101.913339,16.46119699580595,8.0,1.0833466232780586,0.5810889612032357,78.7684376,12.292741559795104,12.690337275969796,9.813440580910537,64,77.2099335,4,96.74045039999999,14.378203221713193,100.87876127999999,15.257737837382583,0.0,10,10,True,True,0
realtime_control_e2e_rust_full_loop,0.013347,0.001618,8.0,0.8401303749743788,0.986449375042702,0.0038395,0.00023182499999999993,0.0002660316666666666,0.00014084375,32,0.0027540000000000004,2,0.008532299999999993,0.00020099999999999998,0.012384060000000004,0.00042574999999999644,0.0,12,12,True,True,0
realtime_control_e2e_rust_full_loop,0.007549,0.0016950000000000001,8.0,0.8372697961485787,0.9912170064190357,0.0034759166666666667,0.0002723249999999999,0.00031306499999999996,0.00017696875,64,0.003035,3,0.005464499999999997,0.00020675,0.007132100000000002,0.0003383999999999959,0.0,12,12,True,True,0
realtime_control_e2e_rust_full_loop,0.007844,0.001377,8.0,0.8363200806787451,0.9927998655354249,0.00388875,0.00030608333333333323,0.0003466833333333333,0.00020921874999999999,64,0.0033935,4,0.006295199999999998,0.00026825,0.007534240000000002,0.0003927999999999971,0.0,12,12,True,True,0
