benchmark,max_latency_ms,max_steps,mean_completed_steps,mean_final_coupling_scale,mean_final_r_live,mean_latency_ms,measurement_shots,median_latency_ms,min_latency_ms,n_qubits,p95_latency_ms,qpu_seconds,repeats
s1_realtime_controller_scheduler,41.471979,4,4.0,1.094638296422158,0.5622695059630701,15.271076444444445,32,12.125623,10.41129,2,13.969292,0.0,9
s1_realtime_controller_scheduler,19.086695,4,4.0,1.0950583882226492,0.5615693529622513,15.119892142857143,64,13.892781,13.412628,3,16.173521,0.0,7
s1_realtime_controller_scheduler,27.986512,4,4.0,1.1000695373128402,0.5532174378119329,20.958955,64,18.863612,17.95826,4,21.179443,0.0,5
