benchmark,max_latency_ms,max_steps,mean_completed_steps,mean_final_coupling_scale,mean_final_r_live,mean_latency_ms,measurement_shots,median_latency_ms,min_latency_ms,n_qubits,p95_latency_ms,qpu_seconds,repeats
s1_realtime_controller_scheduler,28.646555,4,4.0,1.094638296422158,0.5622695059630701,20.928813,32,20.724119,15.200336,2,24.908045,0.0,9
s1_realtime_controller_scheduler,36.309833,4,4.0,1.0950583882226492,0.5615693529622513,23.735172,64,21.835805,16.108146,3,28.611528,0.0,7
s1_realtime_controller_scheduler,31.293808,4,4.0,1.1000695373128402,0.5532174378119329,27.9724936,64,29.353052,22.975853,4,29.998041,0.0,5
