{
  "baseline_commit": "1703c4bccd4e2fce0dcd397189eeba7e99eb328b",
  "baseline_sha256": "3d2013f76c6b62e0b0fab55d487ab7c8965e05ba57b2ccb5876e4473a0011447",
  "benchmarks": {
    "dense_xy_hamiltonian_L10": {
      "cross_language_parity": true,
      "hilbert_dim": 1024,
      "languages": {
        "qiskit_sparsepauliop": {
          "p50_us": 2131.315,
          "p95_us": 2553.071,
          "p99_us": 2607.821,
          "throughput_ops_s": 450.6572737192595
        },
        "rust_pyo3": {
          "p50_us": 635.287,
          "p95_us": 845.303,
          "p99_us": 852.834,
          "throughput_ops_s": 1480.0883127253733
        }
      },
      "repeats": 25,
      "rust_available": true,
      "speedup_p50_rust_vs_qiskit": 3.354885272325736,
      "warmup": 2
    },
    "dense_xy_hamiltonian_L12": {
      "cross_language_parity": true,
      "hilbert_dim": 4096,
      "languages": {
        "qiskit_sparsepauliop": {
          "p50_us": 93000.622,
          "p95_us": 99668.605,
          "p99_us": 99668.605,
          "throughput_ops_s": 10.446625971269336
        },
        "rust_pyo3": {
          "p50_us": 42221.92,
          "p95_us": 46664.845,
          "p99_us": 46664.845,
          "throughput_ops_s": 22.48450591994416
        }
      },
      "repeats": 8,
      "rust_available": true,
      "speedup_p50_rust_vs_qiskit": 2.2026620769496037,
      "warmup": 2
    },
    "dense_xy_hamiltonian_L4": {
      "cross_language_parity": true,
      "hilbert_dim": 16,
      "languages": {
        "qiskit_sparsepauliop": {
          "p50_us": 269.491,
          "p95_us": 404.96,
          "p99_us": 438.538,
          "throughput_ops_s": 3487.720416518918
        },
        "rust_pyo3": {
          "p50_us": 2.792,
          "p95_us": 3.284,
          "p99_us": 3.8,
          "throughput_ops_s": 383300.3695015562
        }
      },
      "repeats": 200,
      "rust_available": true,
      "speedup_p50_rust_vs_qiskit": 96.52256446991404,
      "warmup": 5
    },
    "dense_xy_hamiltonian_L8": {
      "cross_language_parity": true,
      "hilbert_dim": 256,
      "languages": {
        "qiskit_sparsepauliop": {
          "p50_us": 779.039,
          "p95_us": 1036.33,
          "p99_us": 1161.521,
          "throughput_ops_s": 1214.3399031196589
        },
        "rust_pyo3": {
          "p50_us": 23.097,
          "p95_us": 28.079,
          "p99_us": 30.905,
          "throughput_ops_s": 41740.53872426305
        }
      },
      "repeats": 80,
      "rust_available": true,
      "speedup_p50_rust_vs_qiskit": 33.72901242585617,
      "warmup": 3
    }
  },
  "evidence_class": "local_regression",
  "measured_utc": "2026-06-23T02:22:05Z",
  "production_claim_allowed": false,
  "provenance": {
    "commit": "1703c4bccd4e2fce0dcd397189eeba7e99eb328b",
    "cpu_affinity": [
      5
    ],
    "cpu_count": 12,
    "cpu_model": "11th Gen Intel(R) Core(TM) i5-11600K @ 3.90GHz",
    "engine": "installed",
    "loadavg_end": [
      6.3,
      4.58,
      5.04
    ],
    "loadavg_start": [
      4.76,
      4.24,
      4.94
    ],
    "peak_rss_mb": 1455.4,
    "platform": "Linux-6.17.0-35-generic-x86_64-with-glibc2.39",
    "python": "3.12.3",
    "rust_backend": "present",
    "rust_release_profile": {
      "codegen-units": 1,
      "lto": "fat",
      "opt-level": 3,
      "strip": "debuginfo"
    }
  },
  "schema_version": "scpn-quantum-control.native-speedup-baseline.v1"
}
