{
  "claim_boundary": "Layout-pinned repeated minimal IQM run controls the first run automatic-layout confound, but remains low-statistics and mixed-sign; do not upgrade manuscript claims without additional repeated statistics and mitigation analysis.",
  "depth_summaries": [
    {
      "depth": 4,
      "even_job_id_sha256": "83dc979a9e8adb496a3cec6dfa5716dc6b2539d9977c9838770f6534141747b0",
      "even_transpiled_depth": 69,
      "ibm_phase2_asymmetry_relative": 0.08651155941687519,
      "iqm_asymmetry_relative": 0.2,
      "iqm_even_leakage": 0.4453125,
      "iqm_fisher_odds_ratio": 1.36056338028169,
      "iqm_fisher_p": 0.10545063507980752,
      "iqm_leakage_difference": 0.07421875,
      "iqm_odd_leakage": 0.37109375,
      "odd_job_id_sha256": "9bd3d501ea3f1d100cf37a087acda766a30cbd87652e878e6f09dbf4523656e7",
      "odd_transpiled_depth": 69,
      "requested_initial_layout": [
        9,
        4,
        3,
        8
      ],
      "sign_matches_ibm_phase2": true,
      "standard_error_difference": 0.043318968494917134,
      "z_difference": 1.7133083399413935
    },
    {
      "depth": 6,
      "even_job_id_sha256": "decee00c57f11c13c0e1b49ccceba5944995092bcb483daa19bc646feb2fa169",
      "even_transpiled_depth": 99,
      "ibm_phase2_asymmetry_relative": 0.04346860600677293,
      "iqm_asymmetry_relative": -0.07258064516129033,
      "iqm_even_leakage": 0.44921875,
      "iqm_fisher_odds_ratio": 0.8682223747426219,
      "iqm_fisher_p": 0.4785659640830502,
      "iqm_leakage_difference": -0.03515625,
      "iqm_odd_leakage": 0.484375,
      "odd_job_id_sha256": "8a4a33e485ea80ebcf24ded90ff5fbe748897f1de1632ce75a86a6a513ce05f9",
      "odd_transpiled_depth": 99,
      "requested_initial_layout": [
        9,
        4,
        3,
        8
      ],
      "sign_matches_ibm_phase2": false,
      "standard_error_difference": 0.04406924257026155,
      "z_difference": -0.7977502663892811
    },
    {
      "depth": 10,
      "even_job_id_sha256": "ebb85f3c9d1f9d4e42f5f0976ffee8eb540f6c3eeb09c635f4d6faa0cc20e234",
      "even_transpiled_depth": 159,
      "ibm_phase2_asymmetry_relative": 0.04467965123845058,
      "iqm_asymmetry_relative": -0.09166666666666666,
      "iqm_even_leakage": 0.42578125,
      "iqm_fisher_odds_ratio": 0.8403628117913832,
      "iqm_fisher_p": 0.37410683726712596,
      "iqm_leakage_difference": -0.04296875,
      "iqm_odd_leakage": 0.46875,
      "odd_job_id_sha256": "04cde1ae76402d2a283efc84c5848c3eb088c73802c11467eca66d9312dcf1c8",
      "odd_transpiled_depth": 159,
      "requested_initial_layout": [
        9,
        4,
        3,
        8
      ],
      "sign_matches_ibm_phase2": false,
      "standard_error_difference": 0.04390663988476525,
      "z_difference": -0.9786389965794062
    }
  ],
  "fisher_chi2": 7.939374864687523,
  "fisher_p": 0.24257860098271222,
  "ibm_reference": "data/phase2_dla_parity/phase2_reduced_ag_summary_2026-05-05.json",
  "n_depths_compared_to_ibm_phase2": 3,
  "n_depths_iqm_p_below_0_05": 0,
  "n_signs_matching_ibm_phase2": 1,
  "provider": "iqm",
  "readout_baselines": [
    {
      "circuit_name": "iqm_readout_pinned_even_0011",
      "initial": "0011",
      "initial_state_retention": 0.95703125,
      "job_id_sha256": "7908e82634153c1085dc4f59e8ef34a9e46192f3dfe25867d55933cc8c8e45f7",
      "parity_leakage": 0.04296875,
      "sector": "even",
      "shots": 256
    },
    {
      "circuit_name": "iqm_readout_pinned_odd_0001",
      "initial": "0001",
      "initial_state_retention": 0.9765625,
      "job_id_sha256": "8470bdde19be7860b67dae5e4aad8e57e61b57b492f8f6d55977eec12ce69930",
      "parity_leakage": 0.0234375,
      "sector": "odd",
      "shots": 256
    }
  ],
  "requested_initial_layout": [
    9,
    4,
    3,
    8
  ],
  "schema": "scpn_iqm_dla_layout_pinned_repeat_analysis_v1",
  "source": "data/iqm_paper_replication/iqm_dla_layout_pinned_repeat_2026-05-13_executed.json",
  "total_circuits": 8,
  "total_shots": 2048
}
