{
  "claim_boundary": "Layout-pinned IQM repeat is controlled diagnostic hardware evidence. It is not sufficient for manuscript claim upgrade until repeated statistics, calibration treatment, and cross-layout consistency are established.",
  "depth_summaries": [
    {
      "depth": 4,
      "even_job_id_sha256": "57f351dea0a8c9a0c92b003044c929040dde3578c6315de80b46a062d6d57ec3",
      "even_transpiled_depth": 69,
      "ibm_phase2_asymmetry_relative": 0.08651155941687519,
      "iqm_asymmetry_relative": -0.09401709401709402,
      "iqm_fisher_odds_ratio": 0.8395441595441595,
      "iqm_fisher_p": 0.3727758242999694,
      "iqm_leakage_difference": -0.04296875,
      "iqm_leakage_even": 0.4140625,
      "iqm_leakage_odd": 0.45703125,
      "odd_job_id_sha256": "36f56469efc1c49d7c5778441a49a50b9547887494800f4eb20423664ed371ae",
      "odd_transpiled_depth": 69,
      "sign_matches_ibm_phase2": false,
      "standard_error_difference": 0.043784291588546784,
      "z_difference": -0.9813736488827852
    },
    {
      "depth": 6,
      "even_job_id_sha256": "9955a5db1ce69b3665720f6878b470703879669c41928b8c49379e288cf677d8",
      "even_transpiled_depth": 99,
      "ibm_phase2_asymmetry_relative": 0.04346860600677293,
      "iqm_asymmetry_relative": -0.1925925925925926,
      "iqm_fisher_odds_ratio": 0.6646006550768455,
      "iqm_fisher_p": 0.026859428695401696,
      "iqm_leakage_difference": -0.1015625,
      "iqm_leakage_even": 0.42578125,
      "iqm_leakage_odd": 0.52734375,
      "odd_job_id_sha256": "994b3dad238867179e6a736de6f4c994dd4c976c17b0320dab6b3955ca9cec4f",
      "odd_transpiled_depth": 99,
      "sign_matches_ibm_phase2": false,
      "standard_error_difference": 0.043916820190470184,
      "z_difference": -2.312610511405804
    },
    {
      "depth": 10,
      "even_job_id_sha256": "bccb90de04d7259f3b7ca71d7fbfef2b90da5c71ace5e85d4f8e509c26607620",
      "even_transpiled_depth": 159,
      "ibm_phase2_asymmetry_relative": 0.04467965123845058,
      "iqm_asymmetry_relative": 0.035398230088495575,
      "iqm_fisher_odds_ratio": 1.0651938626090278,
      "iqm_fisher_p": 0.7898536527813855,
      "iqm_leakage_difference": 0.015625,
      "iqm_leakage_even": 0.45703125,
      "iqm_leakage_odd": 0.44140625,
      "odd_job_id_sha256": "e899211e9c3d3fab22ac54956235b8307b58b30fe31ded730a62d33e6a7f179c",
      "odd_transpiled_depth": 159,
      "sign_matches_ibm_phase2": true,
      "standard_error_difference": 0.04396022967305465,
      "z_difference": 0.3554349036892616
    }
  ],
  "fisher_chi2": 9.679648010820427,
  "fisher_p": 0.13880723871610728,
  "ibm_reference": "data/phase2_dla_parity/phase2_reduced_ag_summary_2026-05-05.json",
  "n_depths_compared_to_ibm_phase2": 3,
  "n_depths_iqm_p_below_0_05": 1,
  "n_signs_matching_ibm_phase2": 1,
  "provider": "iqm",
  "readout_baselines": [
    {
      "circuit_name": "iqm_readout_pinned_even_0011",
      "initial": "0011",
      "initial_state_retention": 0.95703125,
      "job_id_sha256": "f38952a7a70757a9aea441f27fe6349a7b5c8267df76869892dd268f52de30bc",
      "parity_leakage": 0.03515625,
      "sector": "even",
      "shots": 256
    },
    {
      "circuit_name": "iqm_readout_pinned_odd_0001",
      "initial": "0001",
      "initial_state_retention": 0.92578125,
      "job_id_sha256": "34b6d6145b857d1b806adae8286b1dc3418878358f3a33c418e970ff98cc72b3",
      "parity_leakage": 0.07421875,
      "sector": "odd",
      "shots": 256
    }
  ],
  "requested_initial_layout": [
    13,
    8,
    9,
    14
  ],
  "schema": "scpn_iqm_dla_layout_pinned_repeat_analysis_v1",
  "source": "data/iqm_paper_replication/iqm_dla_layout_pinned_repeat_q13-8-9-14_2026-05-13_executed.json",
  "total_circuits": 8,
  "total_shots": 2048
}
