{
  "beta_2_p_value": 0.01,
  "claim_boundary": "source-bounded NV-center quantum sensing protocol design; not empirical evidence",
  "config_thresholds": {
    "culture_count": 5,
    "days_per_trial": 6,
    "effect_size_lower": 0.05,
    "effect_size_upper": 0.15,
    "ramsey_sequences_per_condition": 1000,
    "trial_duration_minutes": 60,
    "trials_per_culture": 5
  },
  "delta_gamma": 0.1200000000000001,
  "effect_size_ratio": 0.1200000000000001,
  "falsification_rejected": false,
  "gamma_baseline": 1.0,
  "gamma_replay": 1.0,
  "gamma_spontaneous": 1.12,
  "hardware_status": "protocol_design_no_lab_execution",
  "null_controls": {
    "invalid_baseline_rejection_label": 1.0,
    "shape_mismatch_rejection_label": 1.0,
    "unsupported_empirical_protocol_claim_rejection_label": 1.0
  },
  "problem_metadata": {
    "claim_boundary": "source-bounded NV-center quantum sensing protocol design; not empirical evidence",
    "protocol_state": "design_only_no_lab_execution",
    "source_ledger_ids": [
      "P0R06677",
      "P0R06678",
      "P0R06679",
      "P0R06680",
      "P0R06681",
      "P0R06682",
      "P0R06683",
      "P0R06684",
      "P0R06685",
      "P0R06686",
      "P0R06687",
      "P0R06688",
      "P0R06689",
      "P0R06690",
      "P0R06691",
      "P0R06692",
      "P0R06693",
      "P0R06694",
      "P0R06695",
      "P0R06696",
      "P0R06697",
      "P0R06698",
      "P0R06699",
      "P0R06700",
      "P0R06701",
      "P0R06702",
      "P0R06703",
      "P0R06704",
      "P0R06705",
      "P0R06706",
      "P0R06707",
      "P0R06708",
      "P0R06709",
      "P0R06710",
      "P0R06711",
      "P0R06712",
      "P0R06713",
      "P0R06714",
      "P0R06715",
      "P0R06716",
      "P0R06717",
      "P0R06718",
      "P0R06719",
      "P0R06720",
      "P0R06721",
      "P0R06722",
      "P0R06723",
      "P0R06724",
      "P0R06725",
      "P0R06726",
      "P0R06727",
      "P0R06728",
      "P0R06729"
    ],
    "source_ledger_span": [
      "P0R06677",
      "P0R06729"
    ]
  },
  "regression_beta_0": 0.8999999999999996,
  "regression_beta_1": 0.20000000000000062,
  "regression_beta_2": 0.4500000000000004,
  "regression_residual_norm": 3.570938122018584e-16,
  "source_ledger_span": [
    "P0R06677",
    "P0R06729"
  ],
  "spec_keys": [
    "nv_quantum_sensing.block_framing",
    "nv_quantum_sensing.apparatus",
    "nv_quantum_sensing.protocol_steps",
    "nv_quantum_sensing.isomorphic_replay_control",
    "nv_quantum_sensing.analysis_and_falsification",
    "nv_quantum_sensing.controls_effect_size_timeline"
  ],
  "total_protocol_days": 30
}
