{
  "analytic_gradient": [
    -0.16797314240956993,
    0.36937207113134407,
    -0.20139892872177412
  ],
  "claim_boundary": "source-bounded HPC-UPDE mathematical bridge simulator contract; not empirical evidence",
  "config_thresholds": {
    "finite_difference_step": 1e-06
  },
  "finite_difference_gradient": [
    -0.1679731422843389,
    0.3693720710407078,
    -0.2013989287563689
  ],
  "free_energy_locked": -1.6,
  "free_energy_spread": -1.543317543375613,
  "gradient_check_error": 1.2523101999839525e-10,
  "hardware_status": "simulator_only_no_provider_submission",
  "null_controls": {
    "non_square_k_rejection_label": 1.0,
    "shape_mismatch_rejection_label": 1.0,
    "unsupported_active_inference_evidence_rejection_label": 1.0
  },
  "phase_locking_error_value": 0.2048057814352952,
  "problem_metadata": {
    "claim_boundary": "source-bounded HPC-UPDE mathematical bridge simulator contract; not empirical evidence",
    "implementation_note": "symmetric coupling uses half-weighted double sum to preserve the source gradient without double-counting",
    "source_ledger_ids": [
      "P0R06615",
      "P0R06616",
      "P0R06617",
      "P0R06618",
      "P0R06619",
      "P0R06620",
      "P0R06621",
      "P0R06622",
      "P0R06623",
      "P0R06624",
      "P0R06625",
      "P0R06626",
      "P0R06627",
      "P0R06628",
      "P0R06629",
      "P0R06630",
      "P0R06631",
      "P0R06632",
      "P0R06633",
      "P0R06634",
      "P0R06635",
      "P0R06636",
      "P0R06637",
      "P0R06638",
      "P0R06639",
      "P0R06640",
      "P0R06641",
      "P0R06642",
      "P0R06643",
      "P0R06644",
      "P0R06645"
    ],
    "source_ledger_span": [
      "P0R06615",
      "P0R06645"
    ]
  },
  "source_ledger_span": [
    "P0R06615",
    "P0R06645"
  ],
  "spec_keys": [
    "hpc_upde_derivation.block_framing",
    "hpc_upde_derivation.free_energy_functional",
    "hpc_upde_derivation.gradient_descent",
    "hpc_upde_derivation.upde_core_equation",
    "hpc_upde_derivation.hpc_interpretation",
    "hpc_upde_derivation.active_inference_boundary"
  ],
  "upde_derivative": [
    0.27797314240956994,
    -0.41937207113134406,
    0.3813989287217741
  ],
  "upde_derivative_norm": 0.6313534230335344
}
