{
  "claim_boundary": "source-bounded computational protocol; not empirical execution evidence",
  "class_patch_parameters": {
    "Omega_phi": 0.0001,
    "eps_phi": 0.1,
    "omega_log_phi": 30000.0,
    "phi0_phi": 0.0
  },
  "hardware_status": "computational_protocol_no_claimed_execution",
  "lambda_constants": {
    "LAMBDA_0_GeV4": 1.1056e-52,
    "LAMBDA_PSI_G": 1.068935e-122,
    "M_PL_GeV": 2.435e+18
  },
  "lattice_mass_targets": {
    "mass_ratio_target": 1.4142135623730951,
    "pcac_mass": 0.15811388300841894,
    "tuned_relation_residual": -6.938893903907228e-18,
    "yukawa": 0.22360679774997896
  },
  "null_controls": {
    "class_patch_without_parameter_audit_rejection_label": 1.0,
    "hmc_execution_overclaim_rejection_label": 1.0,
    "lambda_units_mismatch_rejection_label": 1.0
  },
  "problem_metadata": {
    "claim_boundary": "source-bounded computational protocol; not empirical execution evidence",
    "protocol_state": "computational_protocol_only_no_external_execution",
    "source_ledger_ids": [
      "P0R07006",
      "P0R07007",
      "P0R07008",
      "P0R07009",
      "P0R07010",
      "P0R07011",
      "P0R07012",
      "P0R07013",
      "P0R07014",
      "P0R07015",
      "P0R07016",
      "P0R07017",
      "P0R07018",
      "P0R07019",
      "P0R07020",
      "P0R07021",
      "P0R07022",
      "P0R07023",
      "P0R07024",
      "P0R07025",
      "P0R07026",
      "P0R07027",
      "P0R07028",
      "P0R07029",
      "P0R07030",
      "P0R07031",
      "P0R07032",
      "P0R07033",
      "P0R07034",
      "P0R07035",
      "P0R07036",
      "P0R07037",
      "P0R07038",
      "P0R07039",
      "P0R07040",
      "P0R07041",
      "P0R07042",
      "P0R07043",
      "P0R07044",
      "P0R07045",
      "P0R07046",
      "P0R07047",
      "P0R07048",
      "P0R07049",
      "P0R07050",
      "P0R07051",
      "P0R07052",
      "P0R07053",
      "P0R07054",
      "P0R07055",
      "P0R07056",
      "P0R07057",
      "P0R07058",
      "P0R07059",
      "P0R07060",
      "P0R07061",
      "P0R07062",
      "P0R07063",
      "P0R07064",
      "P0R07065",
      "P0R07066",
      "P0R07067",
      "P0R07068",
      "P0R07069",
      "P0R07070",
      "P0R07071",
      "P0R07072"
    ],
    "source_ledger_span": [
      "P0R07006",
      "P0R07072"
    ]
  },
  "source_ledger_span": [
    "P0R07006",
    "P0R07072"
  ],
  "spec_count": 5,
  "spec_keys": [
    "computational_verification_tools.chapter_boundary",
    "computational_verification_tools.lattice_hmc_flat_line",
    "computational_verification_tools.class_goldstone_eos",
    "computational_verification_tools.lambda_eff_utility",
    "computational_verification_tools.execution_boundaries"
  ],
  "tool_count": 3
}
