{
  "K_eff_trajectory": [
    0.22,
    0.29726666411966396,
    0.3687370783517735,
    0.43484605521401354,
    0.49599578925051635,
    0.5525583039075965,
    0.6048777148542184,
    0.6532723235168097,
    0.6980365535650953,
    0.7394427421301613,
    0.777742796652186,
    0.8131697274377854,
    0.8459390652507619,
    0.8762501725606132,
    0.9042874564261875,
    0.9302214903934423,
    0.9542100522327205,
    0.9763990838289411,
    0.996923579064496,
    1.0159084050965643,
    1.0334690620253413,
    1.0497123855748596,
    1.0647371970613801,
    1.0786349046036383,
    1.0914900592325945,
    1.1033808692839566,
    1.1143796762029408,
    1.1245533946559771,
    1.1339639196269176,
    1.1426685029744412,
    1.150720101741562,
    1.1581677003362894,
    1.1650566085435246
  ],
  "beta_values": [
    0.927,
    0.8574600022923025,
    0.7931366294834039,
    0.7336385503073878,
    0.6786037896745353,
    0.6276975264831631,
    0.5806100566312035,
    0.5370549088348713,
    0.49676710179141426,
    0.4595015320828549,
    0.42503148301303256,
    0.39314724530599315,
    0.3636548412743143,
    0.3363748446954481,
    0.3111412892164313,
    0.287800658645902,
    0.2662109529905516,
    0.246240824553953,
    0.2277687788419536,
    0.21068243541309212,
    0.19487784417719287,
    0.1802588529826264,
    0.16673652264475788,
    0.15422858585672553,
    0.142658946690665,
    0.13195721764443905,
    0.12205829141735332,
    0.11290194480962057,
    0.1044324723357742,
    0.0965983473230029,
    0.08935190843259418,
    0.08264906969733958,
    0.07644905231082791
  ],
  "final_K_eff": 1.1650566085435246,
  "fixed_point_candidate": 1.25,
  "fixed_point_stability": "stable",
  "hardware_status": "simulator_only_no_provider_submission",
  "initial_K_eff": 0.22,
  "null_controls": {
    "constant_beta_analytic_error_linf": 2.220446049250313e-16,
    "fixed_point_beta_abs": 0.0,
    "reverse_beta_final_delta": 12.404552117294841,
    "zero_beta_invariance_linf": 0.0
  },
  "problem_metadata": {
    "beta_rate": 0.9,
    "constant_beta_value": 0.23,
    "fixed_point_condition": "beta_K(K_star)=0",
    "hardware_status": "simulator_only_no_provider_submission",
    "integration_variable": "log(mu)",
    "paper0_spec_key": "macro_transition.effective_coupling_rg",
    "paper0_validation_protocol": "paper0.macro_transition.effective_coupling_rg_flow",
    "scale_count": 33,
    "scale_max": 16.0,
    "scale_min": 1.0
  },
  "runtime_ms": 1.6594469925621524,
  "scale_grid": [
    1.0,
    1.0905077326652577,
    1.189207115002721,
    1.2968395546510096,
    1.4142135623730951,
    1.5422108254079407,
    1.681792830507429,
    1.8340080864093424,
    2.0,
    2.1810154653305154,
    2.378414230005442,
    2.5936791093020193,
    2.82842712474619,
    3.0844216508158815,
    3.363585661014858,
    3.668016172818685,
    4.0,
    4.362030930661031,
    4.756828460010884,
    5.187358218604039,
    5.656854249492381,
    6.168843301631764,
    6.727171322029717,
    7.336032345637371,
    7.999999999999999,
    8.72406186132206,
    9.513656920021768,
    10.374716437208077,
    11.31370849898476,
    12.337686603263526,
    13.454342644059432,
    14.67206469127474,
    16.0
  ],
  "source_equation_ids": [
    "EQ0114"
  ],
  "source_ledger_ids": [
    "P0R00538",
    "P0R05636",
    "P0R05639"
  ],
  "spec_key": "macro_transition.effective_coupling_rg",
  "validation_protocol": "paper0.macro_transition.effective_coupling_rg_flow"
}
