{
  "generated_at_utc": "2026-06-23T15:19:43+00:00",
  "runner": {
    "hostname": "aaarthuus",
    "platform": "Linux-6.17.0-35-generic-x86_64-with-glibc2.39",
    "python": "3.12.3",
    "cpu": {
      "model": "11th Gen Intel(R) Core(TM) i5-11600K @ 3.90GHz",
      "cores": "6"
    }
  },
  "parameters": {
    "repeats": 7,
    "inner_repeats": 100,
    "sizes": [
      4,
      16,
      64,
      256,
      1024,
      2048
    ]
  },
  "rows": [
    {
      "n": 4,
      "rust": {
        "median_s_per_call": 1.015770249068737e-06,
        "samples_s_per_call": [
          2.2282300051301716e-06,
          1.0090298019349575e-06,
          1.025849487632513e-06,
          1.0068900883197785e-06,
          1.0070297867059707e-06,
          1.015770249068737e-06,
          1.0232406202703714e-06
        ]
      },
      "julia": {
        "median_s_per_call": 9.166160598397255e-06,
        "samples_s_per_call": [
          1.1124690063297749e-05,
          9.166160598397255e-06,
          8.828670252114534e-06,
          1.6796919517219067e-05,
          8.742520585656165e-06,
          8.90707946382463e-06,
          9.3379698228091e-06
        ]
      },
      "python": {
        "median_s_per_call": 1.9370070658624174e-05,
        "samples_s_per_call": [
          1.9370070658624174e-05,
          2.2078139008954166e-05,
          2.8065650258213282e-05,
          3.1320720445364714e-05,
          1.700578024610877e-05,
          1.735105994157493e-05,
          1.6999540384858847e-05
        ]
      }
    },
    {
      "n": 16,
      "rust": {
        "median_s_per_call": 1.3391103129833938e-06,
        "samples_s_per_call": [
          1.5141000039875508e-06,
          1.3389100786298513e-06,
          1.3384094927459956e-06,
          1.3423908967524766e-06,
          1.3391103129833938e-06,
          1.3994902838021518e-06,
          1.3345805928111075e-06
        ]
      },
      "julia": {
        "median_s_per_call": 9.613580768927932e-06,
        "samples_s_per_call": [
          1.054338994435966e-05,
          9.613580768927932e-06,
          9.599690092727543e-06,
          1.0032710852101445e-05,
          9.516510181128978e-06,
          9.375150548294186e-06,
          9.740130044519901e-06
        ]
      },
      "python": {
        "median_s_per_call": 1.985562965273857e-05,
        "samples_s_per_call": [
          1.9381099846214057e-05,
          1.985562965273857e-05,
          1.8820110708475112e-05,
          2.0773469004780053e-05,
          2.1536980057135224e-05,
          1.8674569437280296e-05,
          2.2308060433715582e-05
        ]
      }
    },
    {
      "n": 64,
      "rust": {
        "median_s_per_call": 3.200270002707839e-06,
        "samples_s_per_call": [
          3.443550085648894e-06,
          3.3501896541565656e-06,
          3.200270002707839e-06,
          3.141550114378333e-06,
          3.1557900365442036e-06,
          3.3521500881761312e-06,
          3.1889998354017734e-06
        ]
      },
      "julia": {
        "median_s_per_call": 2.449396997690201e-05,
        "samples_s_per_call": [
          1.9983090460300446e-05,
          2.6819289196282625e-05,
          2.7043460868299007e-05,
          2.449396997690201e-05,
          2.291467972099781e-05,
          0.00017429847968742252,
          2.2997050546109677e-05
        ]
      },
      "python": {
        "median_s_per_call": 3.2746020006015895e-05,
        "samples_s_per_call": [
          3.519381978549063e-05,
          3.992439014837146e-05,
          3.033200977370143e-05,
          3.392738988623023e-05,
          2.976440009661019e-05,
          3.2666539773344994e-05,
          3.2746020006015895e-05
        ]
      }
    },
    {
      "n": 256,
      "rust": {
        "median_s_per_call": 2.7019769186154007e-05,
        "samples_s_per_call": [
          3.0512938974425196e-05,
          2.5901279877871274e-05,
          2.7476430404931306e-05,
          2.7019769186154007e-05,
          2.553779981099069e-05,
          2.614201046526432e-05,
          2.7292449958622454e-05
        ]
      },
      "julia": {
        "median_s_per_call": 0.0002013109705876559,
        "samples_s_per_call": [
          0.000332769820233807,
          0.0002013109705876559,
          0.00021972317015752195,
          0.00022515698918141425,
          0.00018547894898802042,
          0.00019015445024706424,
          0.0001806356303859502
        ]
      },
      "python": {
        "median_s_per_call": 0.00014947906951420008,
        "samples_s_per_call": [
          0.00021265366929583253,
          0.00014698924031108617,
          0.00014962564106099307,
          0.0001462847797665745,
          0.0001731216802727431,
          0.00014947906951420008,
          0.00014477708027698099
        ]
      }
    },
    {
      "n": 1024,
      "rust": {
        "median_s_per_call": 0.0009372037893626839,
        "samples_s_per_call": [
          0.001665336099686101,
          0.001104211510391906,
          0.0009372037893626839,
          0.0011858793697319926,
          0.0008421325800009072,
          0.0006274127203505487,
          0.0007162166200578213
        ]
      },
      "julia": {
        "median_s_per_call": 0.00510664690984413,
        "samples_s_per_call": [
          0.004985512730199843,
          0.00510664690984413,
          0.004880091180093586,
          0.005353900559712201,
          0.005064437700202689,
          0.0053268257598392665,
          0.006760560040129348
        ]
      },
      "python": {
        "median_s_per_call": 0.004113877969793975,
        "samples_s_per_call": [
          0.005572716919705272,
          0.005580856699962169,
          0.0035659766802564265,
          0.004286242709495128,
          0.004113877969793975,
          0.003926341260084882,
          0.0040433526004198935
        ]
      }
    },
    {
      "n": 2048,
      "rust": {
        "median_s_per_call": 0.009636633800109849,
        "samples_s_per_call": [
          0.009666658639907837,
          0.010022719840053469,
          0.009529069300042466,
          0.009340173170203343,
          0.009636633800109849,
          0.009398513779742643,
          0.00998879384016618
        ]
      },
      "julia": {
        "median_s_per_call": 0.03854700505966321,
        "samples_s_per_call": [
          0.03567327319993638,
          0.03531727030989714,
          0.03854700505966321,
          0.036676809579366816,
          0.04896818071021698,
          0.061956930930027736,
          0.03879335167002864
        ]
      },
      "python": {
        "median_s_per_call": 0.030616843870375304,
        "samples_s_per_call": [
          0.029811962260864674,
          0.029322600120212882,
          0.030489257220178843,
          0.030616843870375304,
          0.030731072659837082,
          0.032550908790435644,
          0.030714249319862573
        ]
      }
    }
  ]
}