{
  "generated_at_utc": "2026-06-24T05:11:13+00:00",
  "runner": {
    "hostname": "aaarthuus",
    "platform": "Linux-6.17.0-35-generic-x86_64-with-glibc2.39",
    "python": "3.12.3",
    "cpu": {
      "model": "11th Gen Intel(R) Core(TM) i5-11600K @ 3.90GHz",
      "cores": "6"
    }
  },
  "parameters": {
    "repeats": 7,
    "inner_repeats": 100,
    "sizes": [
      4,
      16,
      64,
      256,
      1024,
      2048
    ],
    "coupling": 1.0
  },
  "daido_mean_field_force": [
    {
      "n": 4,
      "rust": {
        "median_s_per_call": 1.0067597031593323e-06,
        "samples_s_per_call": [
          2.321579959243536e-06,
          1.080329529941082e-06,
          1.0059191845357419e-06,
          1.005950616672635e-06,
          1.0311207734048367e-06,
          1.0067597031593323e-06,
          1.0046595707535743e-06
        ]
      },
      "julia": {
        "median_s_per_call": 1.0963629465550184e-05,
        "samples_s_per_call": [
          1.1075070360675455e-05,
          1.1275489814579487e-05,
          1.3816889841109513e-05,
          1.0963629465550184e-05,
          9.895729599520564e-06,
          9.379410184919835e-06,
          8.599139982834459e-06
        ]
      },
      "python": {
        "median_s_per_call": 1.0510110296308995e-05,
        "samples_s_per_call": [
          1.1114339577034115e-05,
          9.780939435586334e-06,
          9.850660571828484e-06,
          1.04812893550843e-05,
          1.0585549753159284e-05,
          1.0510110296308995e-05,
          1.1952019995078445e-05
        ]
      }
    },
    {
      "n": 16,
      "rust": {
        "median_s_per_call": 1.2822600547224284e-06,
        "samples_s_per_call": [
          1.4981499407440424e-06,
          1.2888689525425433e-06,
          1.3871607370674611e-06,
          1.2761401012539863e-06,
          1.2822600547224284e-06,
          1.2482109013944863e-06,
          1.2378394603729247e-06
        ]
      },
      "julia": {
        "median_s_per_call": 1.0925940005108714e-05,
        "samples_s_per_call": [
          1.268354943022132e-05,
          1.0449039982631803e-05,
          1.2737310025840998e-05,
          1.055154949426651e-05,
          1.0925940005108714e-05,
          1.1327159591019153e-05,
          9.7265699878335e-06
        ]
      },
      "python": {
        "median_s_per_call": 1.1706160148605704e-05,
        "samples_s_per_call": [
          1.126243034377694e-05,
          1.2348080053925514e-05,
          1.1706160148605704e-05,
          1.333420048467815e-05,
          1.2318480294197798e-05,
          1.0378790320828558e-05,
          1.1551299830898643e-05
        ]
      }
    },
    {
      "n": 64,
      "rust": {
        "median_s_per_call": 2.242419868707657e-06,
        "samples_s_per_call": [
          2.4636194575577976e-06,
          2.5565095711499453e-06,
          2.242419868707657e-06,
          2.193489344790578e-06,
          2.2013101261109114e-06,
          2.9666407499462366e-06,
          2.2121798247098922e-06
        ]
      },
      "julia": {
        "median_s_per_call": 1.0245318990200757e-05,
        "samples_s_per_call": [
          1.2032330268993973e-05,
          1.0509449057281017e-05,
          9.783499408513307e-06,
          9.88480052910745e-06,
          1.0245318990200757e-05,
          9.86631028354168e-06,
          1.0398359736427664e-05
        ]
      },
      "python": {
        "median_s_per_call": 1.2805639998987317e-05,
        "samples_s_per_call": [
          1.2356869410723447e-05,
          1.605591969564557e-05,
          1.3069349806755781e-05,
          1.1836530175060034e-05,
          1.5870509669184686e-05,
          1.2805639998987317e-05,
          1.2517389841377735e-05
        ]
      }
    },
    {
      "n": 256,
      "rust": {
        "median_s_per_call": 6.0723302885890005e-06,
        "samples_s_per_call": [
          6.181689677760005e-06,
          6.0723302885890005e-06,
          6.01358013227582e-06,
          6.475939881056547e-06,
          6.4122490584850315e-06,
          5.931430496275425e-06,
          5.960199050605297e-06
        ]
      },
      "julia": {
        "median_s_per_call": 1.5043290331959725e-05,
        "samples_s_per_call": [
          1.715266960673034e-05,
          1.4403210952877998e-05,
          1.5131030231714248e-05,
          1.5492859529331326e-05,
          1.5043290331959725e-05,
          1.444311928935349e-05,
          1.4981999993324279e-05
        ]
      },
      "python": {
        "median_s_per_call": 1.890679937787354e-05,
        "samples_s_per_call": [
          2.0149879856035113e-05,
          1.8703389214351775e-05,
          2.48229899443686e-05,
          2.0441289525479078e-05,
          1.7458549700677394e-05,
          1.7553269863128662e-05,
          1.890679937787354e-05
        ]
      }
    },
    {
      "n": 1024,
      "rust": {
        "median_s_per_call": 2.150858985260129e-05,
        "samples_s_per_call": [
          2.165970974601805e-05,
          2.0928860176354648e-05,
          2.150858985260129e-05,
          2.1096869604662062e-05,
          2.1944090258330105e-05,
          2.1495349938049912e-05,
          2.189446007832885e-05
        ]
      },
      "julia": {
        "median_s_per_call": 3.5016110632568595e-05,
        "samples_s_per_call": [
          3.885371028445661e-05,
          3.5016110632568595e-05,
          3.46623407676816e-05,
          3.267809050157666e-05,
          0.00017184876021929086,
          3.886825987137854e-05,
          3.4399080323055384e-05
        ]
      },
      "python": {
        "median_s_per_call": 4.09857090562582e-05,
        "samples_s_per_call": [
          4.7280570724979044e-05,
          4.3502750340849164e-05,
          3.901263000443578e-05,
          3.7886659847572445e-05,
          4.640483995899558e-05,
          4.09857090562582e-05,
          3.7754939403384926e-05
        ]
      }
    },
    {
      "n": 2048,
      "rust": {
        "median_s_per_call": 4.3988529359921816e-05,
        "samples_s_per_call": [
          4.466986050829291e-05,
          4.3988529359921816e-05,
          4.051505937241018e-05,
          4.303766065277159e-05,
          6.030140910297632e-05,
          4.795842920430005e-05,
          4.193349974229932e-05
        ]
      },
      "julia": {
        "median_s_per_call": 0.0001251084904652089,
        "samples_s_per_call": [
          7.890606997534632e-05,
          9.1052659554407e-05,
          0.000161708639934659,
          0.0001097461802419275,
          0.00014443940948694945,
          0.0001251084904652089,
          0.00014186908025294544
        ]
      },
      "python": {
        "median_s_per_call": 6.925084977410734e-05,
        "samples_s_per_call": [
          6.925084977410734e-05,
          6.628004019148647e-05,
          7.133404025807977e-05,
          7.725175004452467e-05,
          6.355123012326658e-05,
          6.86807802412659e-05,
          7.118444074876606e-05
        ]
      }
    }
  ],
  "daido_mean_field_jacobian": [
    {
      "n": 4,
      "rust": {
        "median_s_per_call": 1.2313108891248702e-06,
        "samples_s_per_call": [
          1.468290574848652e-06,
          1.1846900451928377e-06,
          1.3148400466889142e-06,
          1.2313108891248702e-06,
          1.2554507702589035e-06,
          1.1668400838971138e-06,
          1.161040272563696e-06
        ]
      },
      "julia": {
        "median_s_per_call": 8.759039919823408e-06,
        "samples_s_per_call": [
          9.916570270434022e-06,
          8.989779744297265e-06,
          8.724289946258068e-06,
          8.720019832253455e-06,
          9.537929436191917e-06,
          8.759039919823408e-06,
          8.648840012028813e-06
        ]
      },
      "python": {
        "median_s_per_call": 1.4795770402997732e-05,