{
  "generated_at_utc": "2026-06-24T03:03:40+00:00",
  "runner": {
    "hostname": "aaarthuus",
    "platform": "Linux-6.17.0-35-generic-x86_64-with-glibc2.39",
    "python": "3.12.3",
    "cpu": {
      "model": "11th Gen Intel(R) Core(TM) i5-11600K @ 3.90GHz",
      "cores": "6"
    }
  },
  "parameters": {
    "repeats": 7,
    "inner_repeats": 100,
    "sizes": [
      4,
      16,
      64,
      256,
      1024,
      4096,
      16384
    ]
  },
  "daido_mode_phase": [
    {
      "n": 4,
      "rust": {
        "median_s_per_call": 6.75680348649621e-07,
        "samples_s_per_call": [
          3.106047050096094e-05,
          6.946292705833912e-07,
          6.792205385863781e-07,
          6.741192191839219e-07,
          6.750202737748623e-07,
          6.75680348649621e-07,
          6.720598321408033e-07
        ]
      },
      "julia": {
        "median_s_per_call": 8.609959622845054e-06,
        "samples_s_per_call": [
          8.609959622845054e-06,
          8.956450037658215e-06,
          9.709229925647377e-06,
          9.106239303946495e-06,
          8.393690222874284e-06,
          8.326439419761301e-06,
          7.565920241177082e-06
        ]
      },
      "python": {
        "median_s_per_call": 6.5242697019129995e-06,
        "samples_s_per_call": [
          7.093909662216902e-06,
          6.729799788445234e-06,
          6.399760022759437e-06,
          7.255040109157562e-06,
          6.4637104514986275e-06,
          6.5242697019129995e-06,
          6.427470361813903e-06
        ]
      }
    },
    {
      "n": 16,
      "rust": {
        "median_s_per_call": 8.050305768847465e-07,
        "samples_s_per_call": [
          1.001779455691576e-06,
          8.839706424623728e-07,
          9.20039601624012e-07,
          8.050305768847465e-07,
          7.99569534137845e-07,
          8.027092553675175e-07,
          8.009106386452914e-07
        ]
      },
      "julia": {
        "median_s_per_call": 8.214940316975117e-06,
        "samples_s_per_call": [
          8.214940316975117e-06,
          7.74879939854145e-06,
          7.6211604755371805e-06,
          7.98942055553198e-06,
          8.254530839622021e-06,
          8.397289784625172e-06,
          8.263199124485254e-06
        ]
      },
      "python": {
        "median_s_per_call": 7.021059282124043e-06,
        "samples_s_per_call": [
          7.021059282124043e-06,
          7.297060219570994e-06,
          6.678570061922074e-06,
          6.567800883203745e-06,
          7.006939267739654e-06,
          7.536960765719414e-06,
          7.402020273730159e-06
        ]
      }
    },
    {
      "n": 64,
      "rust": {
        "median_s_per_call": 1.4365394599735738e-06,
        "samples_s_per_call": [
          1.5540001913905144e-06,
          1.4337908942252398e-06,
          1.4246394857764243e-06,
          1.4253705739974976e-06,
          1.4615303371101619e-06,
          1.4365394599735738e-06,
          1.5999807510524988e-06
        ]
      },
      "julia": {
        "median_s_per_call": 8.88254027813673e-06,
        "samples_s_per_call": [
          1.5938050346449017e-05,
          1.118660904467106e-05,
          8.653670083731414e-06,
          9.984319331124424e-06,
          8.537019602954388e-06,
          8.88254027813673e-06,
          8.829109137877822e-06
        ]
      },
      "python": {
        "median_s_per_call": 7.691839709877967e-06,
        "samples_s_per_call": [
          7.94827938079834e-06,
          7.324550533667207e-06,
          7.467119721695781e-06,
          7.691839709877967e-06,
          7.583800470456481e-06,
          8.65262933075428e-06,
          8.557150140404701e-06
        ]
      }
    },
    {
      "n": 256,
      "rust": {
        "median_s_per_call": 3.3960398286581038e-06,
        "samples_s_per_call": [
          3.7103204522281885e-06,
          3.4149503335356713e-06,
          3.3791491296142338e-06,
          3.3960398286581038e-06,
          3.366450546309352e-06,
          3.3514597453176975e-06,
          3.503989428281784e-06
        ]
      },
      "julia": {
        "median_s_per_call": 1.1045070132240652e-05,
        "samples_s_per_call": [
          1.1493300553411245e-05,
          1.3369269436225294e-05,
          1.1554170632734896e-05,
          1.0902410140261055e-05,
          1.0811788961291313e-05,
          1.0831650579348206e-05,
          1.1045070132240652e-05
        ]
      },
      "python": {
        "median_s_per_call": 1.1523469584062696e-05,
        "samples_s_per_call": [
          1.067990087904036e-05,
          1.0579670779407024e-05,
          1.0131309973075985e-05,
          1.2667119735851883e-05,
          2.163805067539215e-05,
          1.8156180158257484e-05,
          1.1523469584062696e-05
        ]
      }
    },
    {
      "n": 1024,
      "rust": {
        "median_s_per_call": 1.2989160604774951e-05,
        "samples_s_per_call": [
          1.4605869073420764e-05,
          1.2679649516940117e-05,
          1.1967819882556795e-05,
          1.2618290493264794e-05,
          1.4325759839266538e-05,
          1.2989160604774951e-05,
          1.3687220634892583e-05
        ]
      },
      "julia": {
        "median_s_per_call": 1.973779988475144e-05,
        "samples_s_per_call": [
          2.2625760175287722e-05,
          1.9455540459603072e-05,
          1.9200029782950878e-05,
          2.1007300820201635e-05,
          1.9376829732209445e-05,
          1.973779988475144e-05,
          2.23644298966974e-05
        ]
      },
      "python": {
        "median_s_per_call": 2.3501459509134293e-05,
        "samples_s_per_call": [
          2.873026067391038e-05,
          2.8466630028560757e-05,
          2.803614013828337e-05,
          2.338231075555086e-05,
          2.2598709911108017e-05,
          2.226273063570261e-05,
          2.3501459509134293e-05
        ]
      }
    },
    {
      "n": 4096,
      "rust": {
        "median_s_per_call": 5.5141800548881295e-05,
        "samples_s_per_call": [
          5.320881027728319e-05,
          7.159690954722464e-05,
          5.558903096243739e-05,
          5.729252006858587e-05,
          5.5141800548881295e-05,
          4.8379229847341774e-05,
          5.3438699105754494e-05
        ]
      },
      "julia": {
        "median_s_per_call": 8.70648107957095e-05,
        "samples_s_per_call": [
          8.548623998649418e-05,
          7.403942989185452e-05,
          8.758427924476564e-05,
          8.737970027141273e-05,
          8.70648107957095e-05,
          7.503992994315922e-05,
          8.960111066699029e-05
        ]
      },
      "python": {
        "median_s_per_call": 0.00011024635983631015,
        "samples_s_per_call": [
          0.00010769380023702979,
          0.00010578933055512608,
          0.00011021154932677746,
          0.00011024635983631015,
          0.00011042690020985901,
          0.0001243342796806246,
          0.00012450048001483083
        ]
      }
    },
    {
      "n": 16384,
      "rust": {
        "median_s_per_call": 0.00035514998016878964,
        "samples_s_per_call": [
          0.0003390695503912866,
          0.00033766964916139843,
          0.00035299162031151356,
          0.00035514998016878964,
          0.0003578350006137043,
          0.00036261984962038696,
          0.00038101963000372054
        ]
      },
      "julia": {
        "median_s_per_call": 0.0003931948298122734,
        "samples_s_per_call": [
          0.0004210919002071023,
          0.00038722854922525586,
          0.0003784242901019752,
          0.00041029316955246034,
          0.0003931948298122734,
          0.00043135417043231426,
          0.0003639655304141343
        ]
      },
      "python": {
        "median_s_per_call": 0.0005276824499014766,