{
  "generated_at_utc": "2026-06-23T14:27:05+00:00",
  "runner": {
    "hostname": "aaarthuus",
    "platform": "Linux-6.17.0-35-generic-x86_64-with-glibc2.39",
    "python": "3.12.3",
    "cpu": {
      "model": "11th Gen Intel(R) Core(TM) i5-11600K @ 3.90GHz",
      "cores": "6"
    }
  },
  "parameters": {
    "repeats": 7,
    "inner_repeats": 100,
    "sizes": [
      4,
      16,
      64,
      256,
      1024,
      4096,
      16384
    ]
  },
  "daido_order_parameter": [
    {
      "n": 4,
      "rust": {
        "median_s_per_call": 6.823905277997255e-07,
        "samples_s_per_call": [
          1.5622901264578103e-06,
          6.870506331324578e-07,
          6.810401100665331e-07,
          6.823905277997255e-07,
          7.895601447671652e-07,
          6.810994818806649e-07,
          6.790307816118002e-07
        ]
      },
      "julia": {
        "median_s_per_call": 7.567659486085176e-06,
        "samples_s_per_call": [
          7.567659486085176e-06,
          6.847439799457788e-06,
          8.067090529948473e-06,
          6.8868696689605715e-06,
          9.048900101333857e-06,
          7.035000016912818e-06,
          1.7885330598801375e-05
        ]
      },
      "python": {
        "median_s_per_call": 4.9662997480481866e-06,
        "samples_s_per_call": [
          5.940200062468648e-06,
          4.8730208072811365e-06,
          5.641339812427759e-06,
          4.786130739375949e-06,
          4.9662997480481866e-06,
          5.173070821911096e-06,
          4.767780192196369e-06
        ]
      }
    },
    {
      "n": 16,
      "rust": {
        "median_s_per_call": 7.894402369856834e-07,
        "samples_s_per_call": [
          9.06010391190648e-07,
          7.882097270339727e-07,
          7.865705993026495e-07,
          7.903005462139845e-07,
          7.9398974776268e-07,
          7.883098442107439e-07,
          7.894402369856834e-07
        ]
      },
      "julia": {
        "median_s_per_call": 7.0441700518131255e-06,
        "samples_s_per_call": [
          7.693299558013678e-06,
          7.1853096596896644e-06,
          6.798909744247794e-06,
          7.0901308208704e-06,
          6.912869866937399e-06,
          6.817480316385627e-06,
          7.0441700518131255e-06
        ]
      },
      "python": {
        "median_s_per_call": 4.991230089217424e-06,
        "samples_s_per_call": [
          5.982229486107826e-06,
          5.376860499382019e-06,
          5.105719901621342e-06,
          4.991230089217424e-06,
          4.8808299470692875e-06,
          4.7847197856754065e-06,
          4.888320108875632e-06
        ]
      }
    },
    {
      "n": 64,
      "rust": {
        "median_s_per_call": 1.2524309568107127e-06,
        "samples_s_per_call": [
          1.3606203719973563e-06,
          1.2524309568107127e-06,
          1.2533296830952168e-06,
          1.25208985991776e-06,
          1.2870796490460635e-06,
          1.2513389810919762e-06,
          1.2522900942713022e-06
        ]
      },
      "julia": {
        "median_s_per_call": 7.203930290415883e-06,
        "samples_s_per_call": [
          7.68386060371995e-06,
          7.009650580585003e-06,
          7.2090106550604105e-06,
          7.100580260157585e-06,
          7.202280685305596e-06,
          7.203930290415883e-06,
          7.429550169035792e-06
        ]
      },
      "python": {
        "median_s_per_call": 5.6129402946680785e-06,
        "samples_s_per_call": [
          5.75987040065229e-06,
          5.663400515913963e-06,
          5.6305399630218746e-06,
          5.5026297923177484e-06,
          5.6129402946680785e-06,
          5.184340989217162e-06,
          5.4141401778906584e-06
        ]
      }
    },
    {
      "n": 256,
      "rust": {
        "median_s_per_call": 3.105850191786885e-06,
        "samples_s_per_call": [
          3.0011998023837805e-06,
          3.105850191786885e-06,
          3.1675107311457395e-06,
          2.927229506894946e-06,
          2.9257708229124546e-06,
          3.1484500505030155e-06,
          3.1098094768822195e-06
        ]
      },
      "julia": {
        "median_s_per_call": 8.640700252726674e-06,
        "samples_s_per_call": [
          8.457180811092258e-06,
          8.529600454494358e-06,
          8.371999720111488e-06,
          8.778360206633805e-06,
          8.640700252726674e-06,
          8.70081945322454e-06,
          8.794539608061314e-06
        ]
      },
      "python": {
        "median_s_per_call": 8.946649031713605e-06,
        "samples_s_per_call": [
          8.957009995356203e-06,
          8.54404061101377e-06,
          8.488909807056188e-06,
          8.946649031713605e-06,
          9.034340037032962e-06,
          9.120410541072487e-06,
          8.758429903537035e-06
        ]
      }
    },
    {
      "n": 1024,
      "rust": {
        "median_s_per_call": 1.0044829687103628e-05,
        "samples_s_per_call": [
          1.0816550347954036e-05,
          9.908489882946014e-06,
          1.0321020381525159e-05,
          9.923370089381934e-06,
          1.0095410980284214e-05,
          1.0044829687103628e-05,
          9.943610057234765e-06
        ]
      },
      "julia": {
        "median_s_per_call": 1.4401630032807588e-05,
        "samples_s_per_call": [
          1.4909759629517794e-05,
          1.3596639037132264e-05,
          1.34116702247411e-05,
          1.486566965468228e-05,
          1.53273600153625e-05,
          1.4401630032807588e-05,
          1.428965013474226e-05
        ]
      },
      "python": {
        "median_s_per_call": 2.1790320752188563e-05,
        "samples_s_per_call": [
          2.1790320752188563e-05,
          2.1097100106999277e-05,
          2.0524249412119388e-05,
          2.1061180159449578e-05,
          2.272948040626943e-05,
          2.2448720410466195e-05,
          3.413983969949186e-05
        ]
      }
    },
    {
      "n": 4096,
      "rust": {
        "median_s_per_call": 6.780392024666071e-05,
        "samples_s_per_call": [
          6.729437038302421e-05,
          6.66855601593852e-05,
          6.846903939731418e-05,
          6.895410013385117e-05,
          6.837235065177083e-05,
          6.780392024666071e-05,
          6.462941062636674e-05
        ]
      },
      "julia": {
        "median_s_per_call": 4.063012078404427e-05,
        "samples_s_per_call": [
          5.340109928511083e-05,
          4.182906937785446e-05,
          3.9766819681972266e-05,
          4.0044640190899375e-05,
          3.896144917234778e-05,
          4.063012078404427e-05,
          4.616610007360578e-05
        ]
      },
      "python": {
        "median_s_per_call": 9.611502988263964e-05,
        "samples_s_per_call": [
          0.00010241248994134366,
          9.611502988263964e-05,
          9.498716099187732e-05,
          9.92283399682492e-05,
          0.00012028692988678813,
          9.557948098517954e-05,
          9.416463901288807e-05
        ]
      }
    },
    {
      "n": 16384,
      "rust": {
        "median_s_per_call": 0.00028960880008526145,
        "samples_s_per_call": [
          0.0002922898705583066,
          0.0002883016096893698,
          0.00028637078939937056,
          0.00029309101053513585,
          0.0002898404293227941,
          0.00028960880008526145,
          0.00028372520115226506
        ]
      },
      "julia": {
        "median_s_per_call": 0.0002632348996121436,
        "samples_s_per_call": [
          0.00027572360006161033,
          0.0002565379801671952,
          0.0002632348996121436,
          0.00026099912938661876,
          0.0002595548506360501,
          0.0002842994895763695,
          0.00026476974948309363
        ]
      },
      "python": {
        "median_s_per_call": 0.0004136651405133307,