{
  "generated_at_utc": "2026-07-05T23:41:14+00:00",
  "runner": {
    "hostname": "aaarthuus",
    "platform": "Linux-6.17.0-35-generic-x86_64-with-glibc2.39",
    "python": "3.12.3",
    "cpu": {
      "model": "11th Gen Intel(R) Core(TM) i5-11600K @ 3.90GHz",
      "cores": "6"
    }
  },
  "parameters": {
    "repeats": 7,
    "inner_repeats": 20,
    "t_end": 6.0,
    "sizes": [
      8,
      16,
      32,
      64,
      128
    ]
  },
  "kuramoto_dopri_trajectory": [
    {
      "n": 8,
      "rust": {
        "median_s_per_call": 0.00015347339794971048,
        "samples_s_per_call": [
          0.00014866130077280105,
          0.0001444253488443792,
          0.00014146745088510214,
          0.00019121565273962914,
          0.00017648659995757044,
          0.00019002899643965064,
          0.00015347339794971048
        ]
      },
      "julia": {
        "median_s_per_call": 0.00039183039916679263,
        "samples_s_per_call": [
          0.0354726423509419,
          0.00044528790167532863,
          0.00039183039916679263,
          0.0003310927946586162,
          0.0004223249037750065,
          0.00031340084969997404,
          0.00033127770293504
        ]
      },
      "python": {
        "median_s_per_call": 0.002962685050442815,
        "samples_s_per_call": [
          0.0024136749969329687,
          0.00214044030290097,
          0.002962685050442815,
          0.003802415047539398,
          0.002386316895717755,
          0.004291135648963973,
          0.0031199339486192913
        ]
      }
    },
    {
      "n": 16,
      "rust": {
        "median_s_per_call": 0.00036953244707547126,
        "samples_s_per_call": [
          0.0003596160502638668,
          0.00034614240285009147,
          0.0003832928487099707,
          0.00037368304911069574,
          0.00037577629555016754,
          0.00036875459481962026,
          0.00036953244707547126
        ]
      },
      "julia": {
        "median_s_per_call": 0.0007448880991432816,
        "samples_s_per_call": [
          0.0005906815000344068,
          0.0019024237466510386,
          0.0009515191952232272,
          0.0007448880991432816,
          0.0007696887943893671,
          0.0006248284480534494,
          0.000714073545532301
        ]
      },
      "python": {
        "median_s_per_call": 0.005230292247142642,
        "samples_s_per_call": [
          0.004672651400323957,
          0.004379295947728679,
          0.006128627952421084,
          0.0065330331504810605,
          0.004405666299862787,
          0.005230292247142642,
          0.007084233651403338
        ]
      }
    },
    {
      "n": 32,
      "rust": {
        "median_s_per_call": 0.0024235016491729764,
        "samples_s_per_call": [
          0.003374484949745238,
          0.0030381308519281448,
          0.0025616857514251024,
          0.002405056799761951,
          0.002416929049650207,
          0.0024235016491729764,
          0.0022156774532049893
        ]
      },
      "julia": {
        "median_s_per_call": 0.006286560301668942,
        "samples_s_per_call": [
          0.005738091899547726,
          0.006286560301668942,
          0.006144945649430156,
          0.0072820417990442365,
          0.010933620348805562,
          0.007671719399513677,
          0.004947688902029767
        ]
      },
      "python": {
        "median_s_per_call": 0.011322928848676384,
        "samples_s_per_call": [
          0.00984273775247857,
          0.012454449204960838,
          0.012892195698805153,
          0.011322928848676384,
          0.010025383596075698,
          0.01052121385000646,
          0.012019869452342392
        ]
      }
    },
    {
      "n": 64,
      "rust": {
        "median_s_per_call": 0.010807689250214025,
        "samples_s_per_call": [
          0.011118048150092364,
          0.010807689250214025,
          0.009293883352074771,
          0.010220507252961397,
          0.010813862748909742,
          0.011656782549107448,
          0.009759584051789717
        ]
      },
      "julia": {
        "median_s_per_call": 0.016278796846745536,
        "samples_s_per_call": [
          0.012920009903609753,
          0.01798135054996237,
          0.017065307102166118,
          0.015845782146789132,
          0.018715694249840452,
          0.016278796846745536,
          0.016132552654016762
        ]
      },
      "python": {
        "median_s_per_call": 0.025974779645912348,
        "samples_s_per_call": [
          0.028437459346605465,
          0.02487734819878824,
          0.025974779645912348,
          0.025189889600733296,
          0.030397478851955383,
          0.02436302249552682,
          0.029371692950371654
        ]
      }
    },
    {
      "n": 128,
      "rust": {
        "median_s_per_call": 0.06201377129764296,
        "samples_s_per_call": [
          0.056101344496710226,
          0.05894427134771831,
          0.06677539395168423,
          0.06355485020321794,
          0.06046975575154647,
          0.06201377129764296,
          0.06968471175059676
        ]
      },
      "julia": {
        "median_s_per_call": 0.09317100705229678,
        "samples_s_per_call": [
          0.09317100705229678,
          0.09175137894926592,
          0.08861703985021449,
          0.10605536479852162,
          0.08797375709982588,
          0.098031285952311,
          0.09912157589569688
        ]
      },
      "python": {
        "median_s_per_call": 0.1480721066473052,
        "samples_s_per_call": [
          0.1480721066473052,
          0.15904958079918288,
          0.13963123285211623,
          0.16318933895090595,
          0.15079063525190578,
          0.14222012750105933,
          0.13673729824949987
        ]
      }
    }
  ]
}