{
  "generated_at_utc": "2026-06-24T07:26:12+00:00",
  "runner": {
    "hostname": "aaarthuus",
    "platform": "Linux-6.17.0-35-generic-x86_64-with-glibc2.39",
    "python": "3.12.3",
    "cpu": {
      "model": "11th Gen Intel(R) Core(TM) i5-11600K @ 3.90GHz",
      "cores": "6"
    }
  },
  "parameters": {
    "repeats": 7,
    "inner_repeats": 20,
    "n_steps": 50,
    "sizes": [
      4,
      16,
      64,
      256,
      512
    ]
  },
  "kuramoto_euler_trajectory": [
    {
      "n": 4,
      "rust": {
        "median_s_per_call": 7.488299161195755e-06,
        "samples_s_per_call": [
          0.001185954501852393,
          7.1405025664716956e-06,
          7.488299161195755e-06,
          1.1551246279850602e-05,
          7.015751907601952e-06,
          7.000449113547802e-06,
          7.963896496221424e-06
        ]
      },
      "julia": {
        "median_s_per_call": 2.5108054978772997e-05,
        "samples_s_per_call": [
          3.4978496842086315e-05,
          2.281854976899922e-05,
          2.289289841428399e-05,
          2.34988983720541e-05,
          2.5108054978772997e-05,
          5.980900023132563e-05,
          2.536190440878272e-05
        ]
      },
      "python": {
        "median_s_per_call": 0.0002959136036224663,
        "samples_s_per_call": [
          0.00026989355101250114,
          0.0002938152989372611,
          0.0002497373498044908,
          0.0002959136036224663,
          0.000553504697745666,
          0.0004158719500992447,
          0.0003899580508004874
        ]
      }
    },
    {
      "n": 16,
      "rust": {
        "median_s_per_call": 9.869195055216551e-05,
        "samples_s_per_call": [
          0.00011462490074336529,
          9.869195055216551e-05,
          8.765665115788579e-05,
          8.451210451312363e-05,
          0.00015908550121821464,
          0.0001282876473851502,
          8.647289942018688e-05
        ]
      },
      "julia": {
        "median_s_per_call": 0.00011203419999219477,
        "samples_s_per_call": [
          0.00011203419999219477,
          0.00010035000159405171,
          9.35427495278418e-05,
          0.00012434754753485323,
          0.00010361215099692344,
          0.00013795004924759268,
          0.00020202015293762087
        ]
      },
      "python": {
        "median_s_per_call": 0.00043548395042307674,
        "samples_s_per_call": [
          0.00043548395042307674,
          0.0004169669526163489,
          0.0004201643983833492,
          0.00038127609877847135,
          0.00047426809906028213,
          0.0004971578484401107,
          0.0007979533460456878
        ]
      }
    },
    {
      "n": 64,
      "rust": {
        "median_s_per_call": 0.0017368334461934864,
        "samples_s_per_call": [
          0.0023644843022339046,
          0.0014535225462168455,
          0.0017499203037004917,
          0.0017368334461934864,
          0.0017459946509916335,
          0.0017281624546740203,
          0.001535331748891622
        ]
      },
      "julia": {
        "median_s_per_call": 0.0016006441961508243,
        "samples_s_per_call": [
          0.001650758448522538,
          0.0016965359507594257,
          0.0015948940999805927,
          0.0015256641490850598,
          0.001592420251108706,
          0.0018337393994443119,
          0.0016006441961508243
        ]
      },
      "python": {
        "median_s_per_call": 0.0022800709994044155,
        "samples_s_per_call": [
          0.0021045164030510932,
          0.0022808384499512615,
          0.0023674454481806607,
          0.0023843478003982453,
          0.002183762699132785,
          0.0020743405038956553,
          0.0022800709994044155
        ]
      }
    },
    {
      "n": 256,
      "rust": {
        "median_s_per_call": 0.03227805835194886,
        "samples_s_per_call": [
          0.0323452320008073,
          0.03136810275027528,
          0.032677133299876,
          0.03288014049758203,
          0.03113383674644865,
          0.03227805835194886,
          0.03192608159733936
        ]
      },
      "julia": {
        "median_s_per_call": 0.03230433079879731,
        "samples_s_per_call": [
          0.025978309247875586,
          0.03341272909892723,
          0.03230433079879731,
          0.03494754820130765,
          0.03421084264991805,
          0.026324452145490795,
          0.02789692605147138
        ]
      },
      "python": {
        "median_s_per_call": 0.03997060675173998,
        "samples_s_per_call": [
          0.03997060675173998,
          0.040614148951135576,
          0.042815180553589016,
          0.03615211704745889,
          0.03722626770031638,
          0.040313873696140944,
          0.03981255720136687
        ]
      }
    },
    {
      "n": 512,
      "rust": {
        "median_s_per_call": 0.1805329414026346,
        "samples_s_per_call": [
          0.1712403159996029,
          0.1675666122988332,
          0.17574905244982802,
          0.18218555775238202,
          0.1805329414026346,
          0.20443065870204008,
          0.181042229704326
        ]
      },
      "julia": {
        "median_s_per_call": 0.23920004754909313,
        "samples_s_per_call": [
          0.1636877362499945,
          0.25131230800179766,
          0.15856353010167368,
          0.19285538350231946,
          0.26845075394958257,
          0.23920004754909313,
          0.24225911184912546
        ]
      },
      "python": {
        "median_s_per_call": 0.27929074185085484,
        "samples_s_per_call": [
          0.3355131437536329,
          0.3139123209984973,
          0.27929074185085484,
          0.27832755365525375,
          0.2859279439027887,
          0.26162217860110104,
          0.218909281300148
        ]
      }
    }
  ],
  "kuramoto_euler_vjp": [
    {
      "n": 4,
      "rust": {
        "median_s_per_call": 3.403124865144491e-05,
        "samples_s_per_call": [
          0.0005687365483026952,
          2.3804197553545237e-05,
          2.858840161934495e-05,
          4.312045057304203e-05,
          3.648939891718328e-05,
          2.309330157004297e-05,
          3.403124865144491e-05
        ]
      },
      "julia": {
        "median_s_per_call": 0.00012508895015344023,
        "samples_s_per_call": [
          0.001470865000737831,
          0.00013775050174444914,
          7.37852999009192e-05,
          8.110899943858385e-05,
          0.00029744619969278573,
          0.00011550295166671277,
          0.00012508895015344023
        ]
      },
      "python": {
        "median_s_per_call": 0.0006888932024594396,
        "samples_s_per_call": [
          0.0012252703018020838,
          0.0007415112515445799,
          0.0006888932024594396,
          0.0006638798979111016,
          0.0006860866968054324,
          0.0006746674014721065,
          0.0007585742452647537
        ]
      }
    },
    {
      "n": 16,
      "rust": {
        "median_s_per_call": 0.000224511104170233,
        "samples_s_per_call": [
          0.00022829865338280797,
          0.000224511104170233,
          0.0002165622019674629,
          0.00022120394860394298,
          0.0002108093467541039,
          0.00031054759747348724,
          0.0003232914488762617
        ]
      },
      "julia": {
        "median_s_per_call": 0.00043773860088549557,
        "samples_s_per_call": [
          0.00043773860088549557,
          0.000650302052963525,
          0.0006038987485226244,
          0.00025071054697036745,
          0.0004880357999354601,
          0.00029768110252916815,
          0.00029074844787828623
        ]
      },
      "python": {
        "median_s_per_call": 0.0010041968489531428,
        "samples_s_per_call": [
          0.0009522582520730793,
          0.0009842136991210283,
          0.0009957993461284786,
          0.0010041968489531428,
          0.001155137101886794,
          0.0010677735961508005,
          0.0011383333534467966
        ]
      }
    },
    {
      "n": 64,