{
  "generated_at_utc": "2026-06-24T08:11:05+00:00",
  "runner": {
    "hostname": "aaarthuus",
    "platform": "Linux-6.17.0-35-generic-x86_64-with-glibc2.39",
    "python": "3.12.3",
    "cpu": {
      "model": "11th Gen Intel(R) Core(TM) i5-11600K @ 3.90GHz",
      "cores": "6"
    }
  },
  "parameters": {
    "repeats": 7,
    "inner_repeats": 20,
    "n_steps": 50,
    "sizes": [
      4,
      16,
      64,
      256,
      512
    ]
  },
  "kuramoto_rk4_trajectory": [
    {
      "n": 4,
      "rust": {
        "median_s_per_call": 2.5475595612078906e-05,
        "samples_s_per_call": [
          3.3930549398064615e-05,
          3.115860163234174e-05,
          2.4441548157483338e-05,
          2.5475595612078906e-05,
          2.442144905216992e-05,
          2.306150272488594e-05,
          2.5594746693968774e-05
        ]
      },
      "julia": {
        "median_s_per_call": 3.866574843414128e-05,
        "samples_s_per_call": [
          4.517519846558571e-05,
          3.788569592870772e-05,
          3.782895510084927e-05,
          4.6792998909950255e-05,
          4.516710177995265e-05,
          3.779429825954139e-05,
          3.866574843414128e-05
        ]
      },
      "python": {
        "median_s_per_call": 0.0011736120970454067,
        "samples_s_per_call": [
          0.0012548371974844485,
          0.0011736120970454067,
          0.0010762571007944643,
          0.0012946747534442692,
          0.0011127314006444066,
          0.0011334635957609863,
          0.001205291849328205
        ]
      }
    },
    {
      "n": 16,
      "rust": {
        "median_s_per_call": 0.0003418686043005437,
        "samples_s_per_call": [
          0.00033616190194152296,
          0.0003419457993004471,
          0.00033881915151141585,
          0.00037635680055245755,
          0.0003530126006808132,
          0.0003287302970420569,
          0.0003418686043005437
        ]
      },
      "julia": {
        "median_s_per_call": 0.0002845434995833784,
        "samples_s_per_call": [
          0.00028344144811853766,
          0.00027689539710991086,
          0.0002874926954973489,
          0.0002821913512889296,
          0.00031035644933581353,
          0.0003024895442649722,
          0.0002845434995833784
        ]
      },
      "python": {
        "median_s_per_call": 0.0015787269512657076,
        "samples_s_per_call": [
          0.0016783066035714,
          0.0015787269512657076,
          0.0015539247018750758,
          0.0015394893009215594,
          0.0014956235012505204,
          0.0019090114976279438,
          0.0020248534507118165
        ]
      }
    },
    {
      "n": 64,
      "rust": {
        "median_s_per_call": 0.00499043584568426,
        "samples_s_per_call": [
          0.004843030596384778,
          0.004794702149229124,
          0.005479858105536551,
          0.004886394750792533,
          0.00499043584568426,
          0.005021423997823149,
          0.005067792546469718
        ]
      },
      "julia": {
        "median_s_per_call": 0.004961619898676872,
        "samples_s_per_call": [
          0.004758023400790989,
          0.004961619898676872,
          0.00491205565049313,
          0.004806023451965302,
          0.0050302233023103325,
          0.006738350447267294,
          0.0050065332499798386
        ]
      },
      "python": {
        "median_s_per_call": 0.006561663449974731,
        "samples_s_per_call": [
          0.00674735814682208,
          0.006273281498579308,
          0.006354813801590353,
          0.0064995173015631735,
          0.006720411847345531,
          0.006561663449974731,
          0.007081452501006424
        ]
      }
    },
    {
      "n": 256,
      "rust": {
        "median_s_per_call": 0.062255514046410096,
        "samples_s_per_call": [
          0.062191310402704404,
          0.06422973574954086,
          0.065436954802135,
          0.06167986255022697,
          0.061229067848762496,
          0.06273319004685618,
          0.062255514046410096
        ]
      },
      "julia": {
        "median_s_per_call": 0.0724478320509661,
        "samples_s_per_call": [
          0.07333122624550015,
          0.07339689920190721,
          0.07183975619846024,
          0.070300551247783,
          0.0724478320509661,
          0.07315234119887463,
          0.07089554550475441
        ]
      },
      "python": {
        "median_s_per_call": 0.08549434695160016,
        "samples_s_per_call": [
          0.08492307999986223,
          0.08368974950280972,
          0.08714912335271947,
          0.08351071694632992,
          0.08549434695160016,
          0.08977163854870014,
          0.09273105479660444
        ]
      }
    },
    {
      "n": 512,
      "rust": {
        "median_s_per_call": 0.5771080142993015,
        "samples_s_per_call": [
          0.5809407983499113,
          0.5834897725959308,
          0.5757168583513703,
          0.5756212380481884,
          0.5770532895519864,
          0.5771080142993015,
          0.5885628323012497
        ]
      },
      "julia": {
        "median_s_per_call": 0.3631193962530233,
        "samples_s_per_call": [
          0.371764476201497,
          0.36724695870070717,
          0.3641100274515338,
          0.3626376804022584,
          0.3631193962530233,
          0.3602054232498631,
          0.36098749479861
        ]
      },
      "python": {
        "median_s_per_call": 0.6823494591983035,
        "samples_s_per_call": [
          0.6765431840554811,
          0.6823494591983035,
          0.6780408342543524,
          0.6861557590949815,
          0.6887988307513296,
          0.7031100714462809,
          0.6757304807484615
        ]
      }
    }
  ],
  "kuramoto_rk4_vjp": [
    {
      "n": 4,
      "rust": {
        "median_s_per_call": 6.629970157518983e-05,
        "samples_s_per_call": [
          6.9394800812006e-05,
          6.625634850934147e-05,
          6.535680149681866e-05,
          6.694809999316931e-05,
          6.579610053449869e-05,
          6.724990089423954e-05,
          6.629970157518983e-05
        ]
      },
      "julia": {
        "median_s_per_call": 0.0006458312971517443,
        "samples_s_per_call": [
          0.0005562164471484721,
          0.0007399440510198474,
          0.0009456329513341189,
          0.0005513209966011345,
          0.0006096905039157718,
          0.0006458312971517443,
          0.000902304647024721
        ]
      },
      "python": {
        "median_s_per_call": 0.003290900751017034,
        "samples_s_per_call": [
          0.004313491354696453,
          0.003290900751017034,
          0.0032601426995825023,
          0.0034665849001612515,
          0.003301275853300467,
          0.00325671344762668,
          0.0032380052492953838
        ]
      }
    },
    {
      "n": 16,
      "rust": {
        "median_s_per_call": 0.0010454402945470065,
        "samples_s_per_call": [
          0.0010454402945470065,
          0.0010601238522212953,
          0.0010704083542805165,
          0.0010348872980102896,
          0.0010266084980685263,
          0.0010111369541846217,
          0.0010982539970427752
        ]
      },
      "julia": {
        "median_s_per_call": 0.004685563646489754,
        "samples_s_per_call": [
          0.004866397648584098,
          0.004447935201460496,
          0.004274064797209575,
          0.0048133249511010945,
          0.004715492099057883,
          0.004640921851387247,
          0.004685563646489754
        ]
      },
      "python": {
        "median_s_per_call": 0.004709565849043429,
        "samples_s_per_call": [
          0.004607633501291275,
          0.0046307657030411065,
          0.004569380503380671,
          0.004806180048035458,
          0.005004965449916199,
          0.004709565849043429,
          0.0050562861026264725
        ]
      }
    },
    {
      "n": 64,
      "rust": {
        "median_s_per_call": 0.013125996303278953,