{
  "generated_at_utc": "2026-06-24T02:39:22+00:00",
  "runner": {
    "hostname": "aaarthuus",
    "platform": "Linux-6.17.0-35-generic-x86_64-with-glibc2.39",
    "python": "3.12.3",
    "cpu": {
      "model": "11th Gen Intel(R) Core(TM) i5-11600K @ 3.90GHz",
      "cores": "6"
    }
  },
  "parameters": {
    "repeats": 7,
    "inner_repeats": 50,
    "sizes": [
      4,
      16,
      64,
      256,
      1024,
      2048
    ],
    "coupling": "dense_symmetric_random"
  },
  "kuramoto_interaction_energy": [
    {
      "n": 4,
      "rust": {
        "median_s_per_call": 1.3669393956661224e-06,
        "samples_s_per_call": [
          4.543820396065712e-06,
          1.3669393956661224e-06,
          1.8960796296596528e-06,
          3.469299990683794e-06,
          1.1426396667957307e-06,
          1.1401600204408168e-06,
          1.0804994963109493e-06
        ]
      },
      "julia": {
        "median_s_per_call": 2.3899360094219446e-05,
        "samples_s_per_call": [
          1.8228280823677777e-05,
          1.7048181034624578e-05,
          2.3899360094219446e-05,
          2.0977479871362447e-05,
          6.742720026522875e-05,
          2.7481880970299244e-05,
          2.6629939675331116e-05
        ]
      },
      "python": {
        "median_s_per_call": 6.230100989341736e-06,
        "samples_s_per_call": [
          1.2117859441787004e-05,
          6.230100989341736e-06,
          6.093340925872326e-06,
          5.4940790869295596e-06,
          6.004958413541317e-06,
          1.0387219954282045e-05,
          8.95123928785324e-06
        ]
      }
    },
    {
      "n": 16,
      "rust": {
        "median_s_per_call": 5.382578819990158e-06,
        "samples_s_per_call": [
          5.623078905045986e-06,
          5.086539313197136e-06,
          5.254480056464672e-06,
          5.382578819990158e-06,
          5.276119336485862e-06,
          5.457219667732716e-06,
          5.631321109831333e-06
        ]
      },
      "julia": {
        "median_s_per_call": 2.7712001465260982e-05,
        "samples_s_per_call": [
          3.325705882161856e-05,
          2.7712001465260982e-05,
          3.02788196131587e-05,
          3.300099866464734e-05,
          2.7139100711792708e-05,
          2.3580300621688365e-05,
          2.2560658399015664e-05
        ]
      },
      "python": {
        "median_s_per_call": 1.3187078293412924e-05,
        "samples_s_per_call": [
          1.4652819372713565e-05,
          1.32138398475945e-05,
          1.314006047323346e-05,
          1.4113481156527997e-05,
          1.3187078293412924e-05,
          1.314349938184023e-05,
          1.2721780221909284e-05
        ]
      }
    },
    {
      "n": 64,
      "rust": {
        "median_s_per_call": 4.683715989813209e-05,
        "samples_s_per_call": [
          5.1411499734967945e-05,
          5.029150051996112e-05,
          5.029721884056926e-05,
          3.786860033869743e-05,
          4.683715989813209e-05,
          3.5791757982224224e-05,
          3.256926080211997e-05
        ]
      },
      "julia": {
        "median_s_per_call": 6.507359910756349e-05,
        "samples_s_per_call": [
          7.61724403128028e-05,
          6.664477987214923e-05,
          6.507359910756349e-05,
          4.709969973191619e-05,
          4.4016800820827484e-05,
          7.798759965226054e-05,
          6.310854107141495e-05
        ]
      },
      "python": {
        "median_s_per_call": 6.22927793301642e-05,
        "samples_s_per_call": [
          6.762917852029204e-05,
          6.22927793301642e-05,
          6.9166359025985e-05,
          7.106584031134844e-05,
          4.775523906573653e-05,
          5.8033920358866455e-05,
          4.5903660356998444e-05
        ]
      }
    },
    {
      "n": 256,
      "rust": {
        "median_s_per_call": 0.0008883298002183437,
        "samples_s_per_call": [
          0.0008603696594946086,
          0.0008049490395933389,
          0.0008883298002183437,
          0.0008932703384198249,
          0.001041280881036073,
          0.0009693431598134339,
          0.0008612637198530137
        ]
      },
      "julia": {
        "median_s_per_call": 0.000777899120002985,
        "samples_s_per_call": [
          0.000777779039926827,
          0.000849108558613807,
          0.0008421738212928176,
          0.0007099194778129458,
          0.0007492347387596965,
          0.0008144696988165379,
          0.000777899120002985
        ]
      },
      "python": {
        "median_s_per_call": 0.001253151441924274,
        "samples_s_per_call": [
          0.0009920968813821674,
          0.001253151441924274,
          0.001374195939861238,
          0.0012969728000462055,
          0.001277227560058236,
          0.0011744284792803228,
          0.0009980370802804828
        ]
      }
    },
    {
      "n": 1024,
      "rust": {
        "median_s_per_call": 0.016075378379318862,
        "samples_s_per_call": [
          0.01586318608140573,
          0.016075378379318862,
          0.01614692816045135,
          0.02084541326155886,
          0.017451904839836063,
          0.015325683660339564,
          0.01596736203879118
        ]
      },
      "julia": {
        "median_s_per_call": 0.015864968460518866,
        "samples_s_per_call": [
          0.016429038480855526,
          0.015864968460518866,
          0.016382991319987925,
          0.015889019039459527,
          0.01583283161977306,
          0.015413343899417668,
          0.015494126440025867
        ]
      },
      "python": {
        "median_s_per_call": 0.03275741173885763,
        "samples_s_per_call": [
          0.029241627920418976,
          0.030440220299642533,
          0.03420971371931955,
          0.03343512320192531,
          0.030666960240341722,
          0.03275741173885763,
          0.03933261438040063
        ]
      }
    },
    {
      "n": 2048,
      "rust": {
        "median_s_per_call": 0.08367945302044973,
        "samples_s_per_call": [
          0.07664149160031229,
          0.09004446676000953,
          0.08367945302044973,
          0.08588757571997122,
          0.14621098406147212,
          0.08153416179819033,
          0.07062653267988935
        ]
      },
      "julia": {
        "median_s_per_call": 0.06581660087918863,
        "samples_s_per_call": [
          0.06581660087918863,
          0.06510727894026785,
          0.060185438659973445,
          0.061477853038813916,
          0.06673774343915284,
          0.07332600040128455,
          0.06816173383966088
        ]
      },
      "python": {
        "median_s_per_call": 0.10243108517955989,
        "samples_s_per_call": [
          0.10737481649965047,
          0.10171411491930485,
          0.12064162980066612,
          0.10149390048114583,
          0.10217182183871046,
          0.10243108517955989,
          0.10585622651968152
        ]
      }
    }
  ],
  "kuramoto_interaction_energy_gradient": [
    {
      "n": 4,
      "rust": {
        "median_s_per_call": 1.4253216795623303e-06,
        "samples_s_per_call": [
          6.217782152816654e-05,
          1.4628982171416284e-06,
          1.4160200953483582e-06,
          1.4079990796744824e-06,
          1.4059594832360745e-06,
          1.4262786135077476e-06,
          1.4253216795623303e-06
        ]
      },
      "julia": {
        "median_s_per_call": 0.00016924629919230937,
        "samples_s_per_call": [
          0.0002744948794133961,
          0.00015232876176014544,
          0.0001921876985579729,
          0.00019791048020124436,
          0.00016924629919230937,
          0.00011126417899504304,
          0.00014279622118920087
        ]
      },
      "python": {
        "median_s_per_call": 1.1978540569543839e-05,