{
  "generated_at_utc": "2026-06-23T20:09:40+00:00",
  "runner": {
    "hostname": "aaarthuus",
    "platform": "Linux-6.17.0-35-generic-x86_64-with-glibc2.39",
    "python": "3.12.3",
    "cpu": {
      "model": "11th Gen Intel(R) Core(TM) i5-11600K @ 3.90GHz",
      "cores": "6"
    }
  },
  "parameters": {
    "repeats": 7,
    "inner_repeats": 50,
    "sizes": [
      4,
      16,
      64,
      256,
      1024,
      2048
    ],
    "coupling": "dense_symmetric_random"
  },
  "kuramoto_interaction_energy": [
    {
      "n": 4,
      "rust": {
        "median_s_per_call": 1.010480336844921e-06,
        "samples_s_per_call": [
          5.496490048244596e-05,
          1.028499100357294e-06,
          1.010480336844921e-06,
          1.0090391151607037e-06,
          1.0109413415193558e-06,
          1.0071205906569958e-06,
          1.009940169751644e-06
        ]
      },
      "julia": {
        "median_s_per_call": 1.192987896502018e-05,
        "samples_s_per_call": [
          1.2789559550583362e-05,
          1.0767742060124874e-05,
          1.1073260102421046e-05,
          1.1142399162054061e-05,
          1.2363821733742952e-05,
          3.405740018934012e-05,
          1.192987896502018e-05
        ]
      },
      "python": {
        "median_s_per_call": 5.232121329754591e-06,
        "samples_s_per_call": [
          6.259218789637089e-06,
          4.987481515854597e-06,
          4.987341817468405e-06,
          5.232121329754591e-06,
          5.115419626235962e-06,
          7.4946810491383075e-06,
          7.795460987836123e-06
        ]
      }
    },
    {
      "n": 16,
      "rust": {
        "median_s_per_call": 3.5629002377390864e-06,
        "samples_s_per_call": [
          3.589480184018612e-06,
          3.1068199314177037e-06,
          3.2162200659513472e-06,
          3.5629002377390864e-06,
          4.303038585931063e-06,
          3.7959404289722444e-06,
          3.124261274933815e-06
        ]
      },
      "julia": {
        "median_s_per_call": 1.6774421092122792e-05,
        "samples_s_per_call": [
          2.109514083713293e-05,
          1.9259559921920298e-05,
          1.616043969988823e-05,
          2.2009781096130608e-05,
          1.3871919363737107e-05,
          1.6774421092122792e-05,
          1.4439001679420471e-05
        ]
      },
      "python": {
        "median_s_per_call": 6.547118537127972e-06,
        "samples_s_per_call": [
          8.219899609684943e-06,
          6.7789200693368915e-06,
          6.339719984680414e-06,
          6.547118537127972e-06,
          6.3390005379915236e-06,
          6.297840736806393e-06,
          6.563118658959866e-06
        ]
      }
    },
    {
      "n": 64,
      "rust": {
        "median_s_per_call": 3.13778012059629e-05,
        "samples_s_per_call": [
          3.251757938414812e-05,
          3.214612137526274e-05,
          3.221216145902872e-05,
          3.13778012059629e-05,
          3.1097340397536754e-05,
          3.0454520601779222e-05,
          3.067093901336193e-05
        ]
      },
      "julia": {
        "median_s_per_call": 3.5244838800281285e-05,
        "samples_s_per_call": [
          3.667005803436041e-05,
          3.3678379841148855e-05,
          3.4112960565835235e-05,
          4.388273926451802e-05,
          3.879297990351915e-05,
          3.5244838800281285e-05,
          3.413775935769081e-05
        ]
      },
      "python": {
        "median_s_per_call": 3.401851980015635e-05,
        "samples_s_per_call": [
          3.564537968486547e-05,
          3.37097211740911e-05,
          3.3646300435066225e-05,
          3.359670052304864e-05,
          3.7140599451959134e-05,
          3.6596800200641155e-05,
          3.401851980015635e-05
        ]
      }
    },
    {
      "n": 256,
      "rust": {
        "median_s_per_call": 0.0007554925396107137,
        "samples_s_per_call": [
          0.0007554925396107137,
          0.0007516551390290261,
          0.0007903435383923352,
          0.0007843439001590013,
          0.0007569723995402456,
          0.0007536689611151815,
          0.0007345042400993407
        ]
      },
      "julia": {
        "median_s_per_call": 0.0007029749406501651,
        "samples_s_per_call": [
          0.0007010370609350502,
          0.0006688375188969076,
          0.0006668335595168173,
          0.0007156957010738551,
          0.0007369398814626038,
          0.0007029749406501651,
          0.0007173263793811202
        ]
      },
      "python": {
        "median_s_per_call": 0.0008139868802390992,
        "samples_s_per_call": [
          0.0008139868802390992,
          0.0008145602396689355,
          0.0008147935010492802,
          0.0007667757384479046,
          0.0008057673205621541,
          0.0007771111186593771,
          0.000891536280978471
        ]
      }
    },
    {
      "n": 1024,
      "rust": {
        "median_s_per_call": 0.014377745159436017,
        "samples_s_per_call": [
          0.01433415578212589,
          0.014226383881177753,
          0.014377745159436017,
          0.014062087901402264,
          0.01438228813931346,
          0.016000051880255342,
          0.015544333660509438
        ]
      },
      "julia": {
        "median_s_per_call": 0.013151600640267134,
        "samples_s_per_call": [
          0.013361407718621194,
          0.01349202638026327,
          0.01342747809831053,
          0.012885582181625069,
          0.013076006160117686,
          0.013151600640267134,
          0.012973977981600911
        ]
      },
      "python": {
        "median_s_per_call": 0.021175509940367192,
        "samples_s_per_call": [
          0.023443865219596773,
          0.021285156679805368,
          0.021175509940367192,
          0.021062624941114338,
          0.020453238962218165,
          0.020955522621516138,
          0.02214367110049352
        ]
      }
    },
    {
      "n": 2048,
      "rust": {
        "median_s_per_call": 0.06267496806103737,
        "samples_s_per_call": [
          0.07373704267898575,
          0.06267496806103737,
          0.11721474322024733,
          0.06002102838130668,
          0.060442735680844635,
          0.06328042547916994,
          0.06058583013946191
        ]
      },
      "julia": {
        "median_s_per_call": 0.05552541649900377,
        "samples_s_per_call": [
          0.059380499620456245,
          0.0547255799989216,
          0.05552541649900377,
          0.05510814501903951,
          0.05654560187831521,
          0.05726833324180916,
          0.054986699579749256
        ]
      },
      "python": {
        "median_s_per_call": 0.09215900819981471,
        "samples_s_per_call": [
          0.0900469166180119,
          0.09874960327986627,
          0.10035372006008401,
          0.09142324368003756,
          0.090907001378946,
          0.09215900819981471,
          0.09227939385920764
        ]
      }
    }
  ],
  "kuramoto_interaction_energy_gradient": [
    {
      "n": 4,
      "rust": {
        "median_s_per_call": 1.3923202641308308e-06,
        "samples_s_per_call": [
          7.073479937389494e-05,
          1.3829395174980164e-06,
          1.3835588470101357e-06,
          1.3783201575279236e-06,
          1.3931398279964923e-06,
          1.3923202641308308e-06,
          1.5219789929687978e-06
        ]
      },
      "julia": {
        "median_s_per_call": 0.0002006046986207366,
        "samples_s_per_call": [
          0.0005204451200552285,
          0.00020777622004970907,
          0.0003028888208791614,
          0.00019620002014562489,
          0.00018695899983868004,
          0.0002006046986207366,
          0.00018813982140272856
        ]
      },
      "python": {
        "median_s_per_call": 6.459478754550219e-06,