{
  "generated_at_utc": "2026-06-24T05:50:24+00:00",
  "runner": {
    "hostname": "aaarthuus",
    "platform": "Linux-6.17.0-35-generic-x86_64-with-glibc2.39",
    "python": "3.12.3",
    "cpu": {
      "model": "11th Gen Intel(R) Core(TM) i5-11600K @ 3.90GHz",
      "cores": "6"
    }
  },
  "parameters": {
    "repeats": 7,
    "inner_repeats": 50,
    "sizes": [
      4,
      16,
      64,
      256,
      1024,
      2048
    ],
    "coupling": "dense_symmetric_random"
  },
  "local_mean_phase": [
    {
      "n": 4,
      "rust": {
        "median_s_per_call": 3.238178323954344e-06,
        "samples_s_per_call": [
          6.659780628979206e-06,
          3.2649002969264983e-06,
          3.238178323954344e-06,
          3.2211211510002614e-06,
          3.2286997884511947e-06,
          3.2948190346360205e-06,
          3.214140888303518e-06
        ]
      },
      "julia": {
        "median_s_per_call": 2.922113984823227e-05,
        "samples_s_per_call": [
          3.1193578615784644e-05,
          3.033305983990431e-05,
          5.8704980183392763e-05,
          2.6771558914333582e-05,
          2.5910220574587584e-05,
          2.922113984823227e-05,
          2.82151997089386e-05
        ]
      },
      "python": {
        "median_s_per_call": 1.3154619373381139e-05,
        "samples_s_per_call": [
          1.4980121050029992e-05,
          1.3205897994339466e-05,
          1.307428115978837e-05,
          1.3154619373381139e-05,
          1.3140900991857051e-05,
          1.2913178652524948e-05,
          1.3204060960561038e-05
        ]
      }
    },
    {
      "n": 16,
      "rust": {
        "median_s_per_call": 4.319238942116499e-06,
        "samples_s_per_call": [
          4.741200245916843e-06,
          4.222341813147068e-06,
          4.451258573681116e-06,
          4.3117580935359e-06,
          4.317979328334332e-06,
          4.319238942116499e-06,
          4.434380680322647e-06
        ]
      },
      "julia": {
        "median_s_per_call": 2.851493889465928e-05,
        "samples_s_per_call": [
          2.890747971832752e-05,
          2.7344918344169855e-05,
          2.851493889465928e-05,
          2.7983339969068765e-05,
          3.048861864954233e-05,
          2.8648641891777514e-05,
          2.8350639622658493e-05
        ]
      },
      "python": {
        "median_s_per_call": 1.4047760050743818e-05,
        "samples_s_per_call": [
          1.4894260093569756e-05,
          1.3991680461913347e-05,
          1.3856638688594102e-05,
          1.4025240670889615e-05,
          1.4068621676415204e-05,
          1.4047760050743818e-05,
          1.4302518684417009e-05
        ]
      }
    },
    {
      "n": 64,
      "rust": {
        "median_s_per_call": 1.1573138181120157e-05,
        "samples_s_per_call": [
          1.1919061653316022e-05,
          1.1492320336401462e-05,
          1.1390200816094876e-05,
          1.1522180866450071e-05,
          1.1676060967147351e-05,
          1.1573138181120157e-05,
          1.1960300616919994e-05
        ]
      },
      "julia": {
        "median_s_per_call": 3.657174063846469e-05,
        "samples_s_per_call": [
          3.927824087440968e-05,
          3.6644639912992716e-05,
          3.72664793394506e-05,
          3.646757919341326e-05,
          3.60032613389194e-05,
          3.624873934313655e-05,
          3.657174063846469e-05
        ]
      },
      "python": {
        "median_s_per_call": 1.7285880167037247e-05,
        "samples_s_per_call": [
          1.8685960676521062e-05,
          1.7709960229694843e-05,
          1.7302799969911577e-05,
          1.7256620340049266e-05,
          1.7091818153858185e-05,
          1.7282699700444938e-05,
          1.7285880167037247e-05
        ]
      }
    },
    {
      "n": 256,
      "rust": {
        "median_s_per_call": 9.690516162663698e-05,
        "samples_s_per_call": [
          9.899819968268276e-05,
          9.414303814992309e-05,
          9.715805994346738e-05,
          9.682334028184414e-05,
          9.67132393270731e-05,
          9.690516162663698e-05,
          0.00010015772189944983
        ]
      },
      "julia": {
        "median_s_per_call": 0.00012955321930348872,
        "samples_s_per_call": [
          0.00013938003918156027,
          0.00012847029836848378,
          0.0001283453404903412,
          0.00012955321930348872,
          0.00013056589988991619,
          0.00012872623978182673,
          0.00013430981896817685
        ]
      },
      "python": {
        "median_s_per_call": 5.04990597255528e-05,
        "samples_s_per_call": [
          5.2110680844634774e-05,
          5.04990597255528e-05,
          5.0352420657873154e-05,
          5.092767998576164e-05,
          5.045525962486863e-05,
          5.0688700284808874e-05,
          5.017278017476201e-05
        ]
      }
    },
    {
      "n": 1024,
      "rust": {
        "median_s_per_call": 0.001422666960861534,
        "samples_s_per_call": [
          0.001494608619250357,
          0.0013799426797777414,
          0.0013849519193172455,
          0.001422666960861534,
          0.001372213358990848,
          0.001444969659205526,
          0.0014830977190285922
        ]
      },
      "julia": {
        "median_s_per_call": 0.0014273595600388944,
        "samples_s_per_call": [
          0.0014136097603477539,
          0.0014641867601312697,
          0.0014183864602819085,
          0.0014178760582581162,
          0.0016057196399196982,
          0.0014273595600388944,
          0.0015054471604526044
        ]
      },
      "python": {
        "median_s_per_call": 0.008909486040938646,
        "samples_s_per_call": [
          0.008909486040938646,
          0.01144053102005273,
          0.007416099940892309,
          0.007963452360127122,
          0.009720113461371511,
          0.008862272459082306,
          0.009498887399677186
        ]
      }
    },
    {
      "n": 2048,
      "rust": {
        "median_s_per_call": 0.005850379960611463,
        "samples_s_per_call": [
          0.007724426521454006,
          0.005481357558164745,
          0.0055568022606894375,
          0.005954403597861528,
          0.005850379960611463,
          0.006131252238992602,
          0.0056182623002678156
        ]
      },
      "julia": {
        "median_s_per_call": 0.006637531239539385,
        "samples_s_per_call": [
          0.006637531239539385,
          0.005893739978782833,
          0.006120447819121182,
          0.006498163819778711,
          0.00682235199958086,
          0.0078326276387088,
          0.007811985879670829
        ]
      },
      "python": {
        "median_s_per_call": 0.013492905159946531,
        "samples_s_per_call": [
          0.01021251464029774,
          0.011308594020083546,
          0.014753175200894475,
          0.01597483762074262,
          0.013492905159946531,
          0.021749367339070888,
          0.011923419239465147
        ]
      }
    }
  ],
  "local_mean_phase_jacobian": [
    {
      "n": 4,
      "rust": {
        "median_s_per_call": 2.9363599605858325e-06,
        "samples_s_per_call": [
          3.701741807162762e-06,
          3.049939405173063e-06,
          2.9353983700275422e-06,
          3.017759881913662e-06,
          2.9018986970186232e-06,
          2.9363599605858325e-06,
          2.9337406158447265e-06
        ]
      },
      "julia": {
        "median_s_per_call": 3.139924025163054e-05,
        "samples_s_per_call": [
          3.139924025163054e-05,
          2.7282400988042356e-05,
          3.2953619956970215e-05,
          2.7193899732083083e-05,
          3.206777852028608e-05,
          2.722275909036398e-05,
          3.1872880645096304e-05
        ]
      },
      "python": {
        "median_s_per_call": 3.099054098129272e-05,