{
  "generated_at_utc": "2026-06-23T23:04:16+00:00",
  "runner": {
    "hostname": "aaarthuus",
    "platform": "Linux-6.17.0-35-generic-x86_64-with-glibc2.39",
    "python": "3.12.3",
    "cpu": {
      "model": "11th Gen Intel(R) Core(TM) i5-11600K @ 3.90GHz",
      "cores": "6"
    }
  },
  "parameters": {
    "repeats": 7,
    "inner_repeats": 50,
    "sizes": [
      4,
      16,
      64,
      256,
      1024,
      2048
    ],
    "coupling": "dense_symmetric_random"
  },
  "local_order_parameter": [
    {
      "n": 4,
      "rust": {
        "median_s_per_call": 2.0458409562706947e-06,
        "samples_s_per_call": [
          0.0008943378808908165,
          1.6086618416011333e-06,
          1.5500793233513832e-06,
          1.7047394067049027e-06,
          2.8363405726850032e-06,
          2.09383899345994e-06,
          2.0458409562706947e-06
        ]
      },
      "julia": {
        "median_s_per_call": 4.933896008878946e-05,
        "samples_s_per_call": [
          8.430344052612782e-05,
          4.396774107590318e-05,
          0.00011616635834798217,
          8.372684009373188e-05,
          3.363786032423377e-05,
          4.933896008878946e-05,
          3.22050997056067e-05
        ]
      },
      "python": {
        "median_s_per_call": 1.7661121673882008e-05,
        "samples_s_per_call": [
          0.0007071901601739227,
          2.227955963462591e-05,
          1.7661121673882008e-05,
          1.757263904437423e-05,
          1.7439080402255058e-05,
          1.8696379847824573e-05,
          1.758831785991788e-05
        ]
      }
    },
    {
      "n": 16,
      "rust": {
        "median_s_per_call": 4.187719896435737e-06,
        "samples_s_per_call": [
          4.739339929074049e-06,
          4.1089789010584355e-06,
          4.187719896435737e-06,
          3.969860263168811e-06,
          4.1164807043969635e-06,
          4.335539415478706e-06,
          5.8070803061127665e-06
        ]
      },
      "julia": {
        "median_s_per_call": 3.799567930400372e-05,
        "samples_s_per_call": [
          3.8151401095092294e-05,
          3.8084660191088914e-05,
          0.0028123647603206336,
          3.799567930400372e-05,
          3.6535561084747316e-05,
          3.142878180369735e-05,
          2.6102198753505944e-05
        ]
      },
      "python": {
        "median_s_per_call": 1.728624105453491e-05,
        "samples_s_per_call": [
          1.8941101152449847e-05,
          1.2806260492652655e-05,
          1.6598880756646393e-05,
          1.728624105453491e-05,
          1.7105999868363144e-05,
          1.8423439469188453e-05,
          1.8972260877490045e-05
        ]
      }
    },
    {
      "n": 64,
      "rust": {
        "median_s_per_call": 1.1500399559736251e-05,
        "samples_s_per_call": [
          1.066545955836773e-05,
          1.1622440069913864e-05,
          1.1613541282713413e-05,
          1.1500399559736251e-05,
          1.1109858751296998e-05,
          1.5517000574618577e-05,
          1.0957240592688322e-05
        ]
      },
      "julia": {
        "median_s_per_call": 4.3403040617704395e-05,
        "samples_s_per_call": [
          4.576124018058181e-05,
          3.836535848677158e-05,
          5.473210010677576e-05,
          4.3403040617704395e-05,
          4.000399960204959e-05,
          4.5828621368855236e-05,
          3.968822071328759e-05
        ]
      },
      "python": {
        "median_s_per_call": 1.5165421646088361e-05,
        "samples_s_per_call": [
          1.4803039375692606e-05,
          1.968561904504895e-05,
          1.703704008832574e-05,
          1.3398239389061928e-05,
          1.5165421646088361e-05,
          1.8204620573669672e-05,
          1.4810699503868819e-05
        ]
      }
    },
    {
      "n": 256,
      "rust": {
        "median_s_per_call": 8.828680031001567e-05,
        "samples_s_per_call": [
          9.338122094050049e-05,
          9.019690100103616e-05,
          8.828680031001567e-05,
          8.65528010763228e-05,
          8.894661907106638e-05,
          8.456092095002532e-05,
          8.655522018671036e-05
        ]
      },
      "julia": {
        "median_s_per_call": 0.00011203936068341136,
        "samples_s_per_call": [
          0.00011720165843144059,
          0.00010465068044140935,
          0.00010737047996371985,
          0.00010766969993710518,
          0.00011203936068341136,
          0.00012884234078228474,
          0.0006657394790090621
        ]
      },
      "python": {
        "median_s_per_call": 9.03115002438426e-05,
        "samples_s_per_call": [
          0.0003781847795471549,
          8.403799962252379e-05,
          8.384548127651214e-05,
          9.03115002438426e-05,
          9.457190055400132e-05,
          9.039605967700481e-05,
          8.330577984452247e-05
        ]
      }
    },
    {
      "n": 1024,
      "rust": {
        "median_s_per_call": 0.0015632660407572984,
        "samples_s_per_call": [
          0.00143642941955477,
          0.0015917273797094822,
          0.0015328499185852705,
          0.0015632660407572984,
          0.0016327974200248717,
          0.001623927999753505,
          0.0014901294419541954
        ]
      },
      "julia": {
        "median_s_per_call": 0.0017019471013918518,
        "samples_s_per_call": [
          0.00167463812045753,
          0.0015161848813295365,
          0.0017019471013918518,
          0.001986689439509064,
          0.0018146767606958747,
          0.001953889299184084,
          0.0016264008590951562
        ]
      },
      "python": {
        "median_s_per_call": 0.015253637700807303,
        "samples_s_per_call": [
          0.015974574720021336,
          0.020550199039280414,
          0.02055375973926857,
          0.012208967301994562,
          0.013201894459780306,
          0.015253637700807303,
          0.012903772180434316
        ]
      }
    },
    {
      "n": 2048,
      "rust": {
        "median_s_per_call": 0.006625776521395892,
        "samples_s_per_call": [
          0.006793605638667941,
          0.006928237860556692,
          0.0062799217202700675,
          0.007100818678736687,
          0.006344173918478191,
          0.006358255818486214,
          0.006625776521395892
        ]
      },
      "julia": {
        "median_s_per_call": 0.006680903460364789,
        "samples_s_per_call": [
          0.006545691841747612,
          0.006564796778839081,
          0.00660045508062467,
          0.006711978081148118,
          0.006680903460364789,
          0.006695971980225295,
          0.0068008031393401325
        ]
      },
      "python": {
        "median_s_per_call": 0.022416558859404176,
        "samples_s_per_call": [
          0.019685456741135567,
          0.01986563001992181,
          0.022416558859404176,
          0.024095551820937543,
          0.02062312529888004,
          0.022558941161260008,
          0.027610251139849426
        ]
      }
    }
  ],
  "local_order_parameter_jacobian": [
    {
      "n": 4,
      "rust": {
        "median_s_per_call": 2.9611214995384216e-06,
        "samples_s_per_call": [
          6.140400655567646e-06,
          3.2932613976299764e-06,
          2.8693210333585738e-06,
          2.859679516404867e-06,
          3.099781461060047e-06,
          2.9393611475825308e-06,
          2.9611214995384216e-06
        ]
      },
      "julia": {
        "median_s_per_call": 0.00013238699873909353,
        "samples_s_per_call": [
          0.00035690509947016835,
          0.0001773760002106428,
          0.00013238699873909353,
          0.00015430859988555312,
          7.577229989692569e-05,
          6.038262043148279e-05,
          0.00010926465969532729
        ]
      },
      "python": {
        "median_s_per_call": 2.8974039014428855e-05,