{
  "generated_at_utc": "2026-06-23T00:30:49+00:00",
  "runner": {
    "hostname": "aaarthuus",
    "platform": "Linux-6.17.0-35-generic-x86_64-with-glibc2.39",
    "python": "3.12.3",
    "cpu": {
      "model": "11th Gen Intel(R) Core(TM) i5-11600K @ 3.90GHz",
      "cores": "6"
    }
  },
  "parameters": {
    "repeats": 7,
    "inner_repeats": 100,
    "sizes": [
      4,
      16,
      64,
      256,
      1024,
      4096,
      16384
    ]
  },
  "mean_phase": [
    {
      "n": 4,
      "rust": {
        "median_s_per_call": 7.961702067404986e-07,
        "samples_s_per_call": [
          2.169710351154208e-06,
          7.927301339805126e-07,
          7.839500904083252e-07,
          8.312799036502839e-07,
          7.983902469277382e-07,
          7.853598799556493e-07,
          7.961702067404986e-07
        ]
      },
      "julia": {
        "median_s_per_call": 7.850140100345016e-06,
        "samples_s_per_call": [
          1.0270290076732635e-05,
          6.699380464851856e-06,
          7.286110194399953e-06,
          7.850140100345016e-06,
          7.5567199382931e-06,
          8.417469216510653e-06,
          8.05526040494442e-06
        ]
      },
      "python": {
        "median_s_per_call": 7.27651990018785e-06,
        "samples_s_per_call": [
          8.41730972751975e-06,
          7.27651990018785e-06,
          7.2251609526574616e-06,
          7.297620177268982e-06,
          7.223050342872739e-06,
          7.2047405410557985e-06,
          7.761589949950576e-06
        ]
      }
    },
    {
      "n": 16,
      "rust": {
        "median_s_per_call": 9.524298366159201e-07,
        "samples_s_per_call": [
          1.226110616698861e-06,
          9.770900942385196e-07,
          9.321398101747036e-07,
          1.5900400467216969e-06,
          9.372096974402666e-07,
          9.524298366159201e-07,
          9.47039807215333e-07
        ]
      },
      "julia": {
        "median_s_per_call": 9.791910415515303e-06,
        "samples_s_per_call": [
          9.791910415515303e-06,
          1.1123059084638954e-05,
          1.0101889492943884e-05,
          1.4756389427930116e-05,
          6.711409660056233e-06,
          7.599660893902182e-06,
          6.826809840276837e-06
        ]
      },
      "python": {
        "median_s_per_call": 7.9605495557189e-06,
        "samples_s_per_call": [
          7.9605495557189e-06,
          7.449260447174311e-06,
          9.52302012592554e-06,
          8.468960877507926e-06,
          7.6277891639620065e-06,
          7.453670259565115e-06,
          9.107099613174796e-06
        ]
      }
    },
    {
      "n": 64,
      "rust": {
        "median_s_per_call": 1.0382698383182287e-06,
        "samples_s_per_call": [
          1.1980696581304074e-06,
          1.0259705595672131e-06,
          1.0382698383182287e-06,
          1.0352698154747486e-06,
          1.0455900337547063e-06,
          1.0620499961078168e-06,
          1.0342698078602552e-06
        ]
      },
      "julia": {
        "median_s_per_call": 7.3905498720705505e-06,
        "samples_s_per_call": [
          9.242360247299076e-06,
          7.79667985625565e-06,
          7.118179928511381e-06,
          7.3905498720705505e-06,
          7.200530963018536e-06,
          7.944080280140043e-06,
          7.3179393075406554e-06
        ]
      },
      "python": {
        "median_s_per_call": 1.0821860050782562e-05,
        "samples_s_per_call": [
          1.0441670892760158e-05,
          1.0821860050782562e-05,
          1.3178680092096329e-05,
          1.3509829295799137e-05,
          8.97953985258937e-06,
          1.1676149442791939e-05,
          1.0106470435857773e-05
        ]
      }
    },
    {
      "n": 256,
      "rust": {
        "median_s_per_call": 2.619969891384244e-06,
        "samples_s_per_call": [
          2.7882703579962255e-06,
          2.619969891384244e-06,
          2.715570153668523e-06,
          2.6086100842803718e-06,
          2.615280682221055e-06,
          2.611869713291526e-06,
          3.7296803202480077e-06
        ]
      },
      "julia": {
        "median_s_per_call": 9.286599233746528e-06,
        "samples_s_per_call": [
          9.882630547508597e-06,
          9.6917396876961e-06,
          8.84508015587926e-06,
          8.929020259529352e-06,
          9.286599233746528e-06,
          8.81824060343206e-06,
          1.0787409264594316e-05
        ]
      },
      "python": {
        "median_s_per_call": 1.171837910078466e-05,
        "samples_s_per_call": [
          1.460463972762227e-05,
          1.7655789852142332e-05,
          1.9847259391099215e-05,
          1.1278080055490136e-05,
          1.171837910078466e-05,
          1.074285013601184e-05,
          1.1072179768234492e-05
        ]
      }
    },
    {
      "n": 1024,
      "rust": {
        "median_s_per_call": 1.5122229233384133e-05,
        "samples_s_per_call": [
          1.128320931456983e-05,
          1.0152090108022093e-05,
          1.5122229233384133e-05,
          1.6477119643241168e-05,
          1.539626973681152e-05,
          1.2058779830113054e-05,
          1.5627890825271606e-05
        ]
      },
      "julia": {
        "median_s_per_call": 1.8482099985703826e-05,
        "samples_s_per_call": [
          2.35991005320102e-05,
          1.6956010367721318e-05,
          1.8482099985703826e-05,
          1.710033044219017e-05,
          1.6576210036873817e-05,
          1.8603040371090173e-05,
          1.9169870065525173e-05
        ]
      },
      "python": {
        "median_s_per_call": 2.1162170451134444e-05,
        "samples_s_per_call": [
          2.570162061601877e-05,
          2.2558309137821197e-05,
          1.9689849577844142e-05,
          2.0449970616027713e-05,
          2.354283002205193e-05,
          2.090469002723694e-05,
          2.1162170451134444e-05
        ]
      }
    },
    {
      "n": 4096,
      "rust": {
        "median_s_per_call": 4.481930984184146e-05,
        "samples_s_per_call": [
          4.0423609316349027e-05,
          5.071701016277075e-05,
          4.1874939342960714e-05,
          4.481930984184146e-05,
          4.472565022297203e-05,
          4.5277168974280355e-05,
          5.521374987438321e-05
        ]
      },
      "julia": {
        "median_s_per_call": 6.749101914465427e-05,
        "samples_s_per_call": [
          7.158007938414812e-05,
          6.630759919062256e-05,
          6.601830944418907e-05,
          6.749101914465427e-05,
          6.860443041659891e-05,
          7.33186409343034e-05,
          6.350061041302979e-05
        ]
      },
      "python": {
        "median_s_per_call": 7.566369022242725e-05,
        "samples_s_per_call": [
          8.558145957067609e-05,
          7.03359197359532e-05,
          8.061785018071533e-05,
          8.471545996144414e-05,
          7.500565028749406e-05,
          7.566369022242725e-05,
          7.45420204475522e-05
        ]
      }
    },
    {
      "n": 16384,
      "rust": {
        "median_s_per_call": 0.00024530622991733255,
        "samples_s_per_call": [
          0.00025109134963713587,
          0.0002435270498972386,
          0.00024251768016256392,
          0.00024530622991733255,
          0.00024455890990793705,
          0.00024600317934527996,
          0.00024544197018258276
        ]
      },
      "julia": {
        "median_s_per_call": 0.00028642184915952387,
        "samples_s_per_call": [
          0.00028690923005342484,
          0.00028642184915952387,
          0.0002760334510821849,
          0.00028954926994629205,
          0.00028011232963763176,
          0.0002835199807304889,
          0.000292332120006904
        ]
      },
      "python": {
        "median_s_per_call": 0.00041334672016091645,