{
  "generated_at_utc": "2026-06-23T13:50:27+00:00",
  "runner": {
    "hostname": "aaarthuus",
    "platform": "Linux-6.17.0-35-generic-x86_64-with-glibc2.39",
    "python": "3.12.3",
    "cpu": {
      "model": "11th Gen Intel(R) Core(TM) i5-11600K @ 3.90GHz",
      "cores": "6"
    }
  },
  "parameters": {
    "repeats": 7,
    "inner_repeats": 100,
    "sizes": [
      4,
      16,
      64,
      256,
      1024,
      2048
    ]
  },
  "rows": [
    {
      "n": 4,
      "rust": {
        "median_s_per_call": 1.5410000924021006e-06,
        "samples_s_per_call": [
          2.4113020626828073e-05,
          1.8396996892988681e-06,
          1.5410000924021006e-06,
          1.1106499005109072e-06,
          1.2767396401613951e-06,
          1.8258695490658284e-06,
          1.5319394879043103e-06
        ]
      },
      "julia": {
        "median_s_per_call": 1.1836859630420805e-05,
        "samples_s_per_call": [
          1.5681920340284707e-05,
          1.2602999340742827e-05,
          9.916210547089577e-06,
          1.0694880038499833e-05,
          1.1836859630420805e-05,
          2.6026800042018295e-05,
          9.536150610074401e-06
        ]
      },
      "python": {
        "median_s_per_call": 2.8284500585868956e-05,
        "samples_s_per_call": [
          4.347438924014568e-05,
          3.130446071736515e-05,
          2.2501370403915642e-05,
          2.7620160253718495e-05,
          2.8284500585868956e-05,
          2.9865810647606848e-05,
          2.448510960675776e-05
        ]
      }
    },
    {
      "n": 16,
      "rust": {
        "median_s_per_call": 1.596360234543681e-06,
        "samples_s_per_call": [
          1.6713200602680445e-06,
          1.5665299724787473e-06,
          1.5157100278884173e-06,
          1.5590293332934379e-06,
          2.022009575739503e-06,
          2.3596803657710552e-06,
          1.596360234543681e-06
        ]
      },
      "julia": {
        "median_s_per_call": 1.322388998232782e-05,
        "samples_s_per_call": [
          1.322388998232782e-05,
          1.3366889907047153e-05,
          1.4197189593687653e-05,
          1.1802160879597067e-05,
          1.3135320041328668e-05,
          1.3631370384246111e-05,
          1.0984240798279643e-05
        ]
      },
      "python": {
        "median_s_per_call": 2.8653619810938835e-05,
        "samples_s_per_call": [
          2.621112042106688e-05,
          2.422265009954572e-05,
          3.141664084978402e-05,
          5.3348439978435634e-05,
          3.5665830364450815e-05,
          2.8653619810938835e-05,
          2.6757300365716218e-05
        ]
      }
    },
    {
      "n": 64,
      "rust": {
        "median_s_per_call": 7.135859923437238e-06,
        "samples_s_per_call": [
          6.485889898613096e-06,
          7.135859923437238e-06,
          8.134619565680624e-06,
          7.707589538767934e-06,
          6.549119716510177e-06,
          7.574399933218956e-06,
          5.239489255473018e-06
        ]
      },
      "julia": {
        "median_s_per_call": 4.337192978709936e-05,
        "samples_s_per_call": [
          2.945624990388751e-05,
          3.865809994749725e-05,
          4.337192978709936e-05,
          0.000299998220289126,
          4.8992150695994496e-05,
          4.1962539544329044e-05,
          6.149468012154103e-05
        ]
      },
      "python": {
        "median_s_per_call": 5.955458036623895e-05,
        "samples_s_per_call": [
          7.808235939592123e-05,
          6.875467952340841e-05,
          5.375426961109042e-05,
          5.955458036623895e-05,
          4.805949050933123e-05,
          5.160186090506613e-05,
          6.388976005837321e-05
        ]
      }
    },
    {
      "n": 256,
      "rust": {
        "median_s_per_call": 4.403564031235874e-05,
        "samples_s_per_call": [
          5.455077043734491e-05,
          5.64995501190424e-05,
          4.7102179378271105e-05,
          4.403564031235874e-05,
          3.905866062268615e-05,
          3.9046700112521646e-05,
          3.785858047194779e-05
        ]
      },
      "julia": {
        "median_s_per_call": 0.00024842689046636226,
        "samples_s_per_call": [
          0.0004316643706988543,
          0.0002630847506225109,
          0.0002456469193566591,
          0.00021583885070867838,
          0.00019454876892268657,
          0.00024842689046636226,
          0.000290511759230867
        ]
      },
      "python": {
        "median_s_per_call": 0.0002555672999005765,
        "samples_s_per_call": [
          0.00037318215006962416,
          0.00026321680983528497,
          0.0002555672999005765,
          0.00025300625944510105,
          0.0002490331407170743,
          0.0002506544103380293,
          0.0002571471105329692
        ]
      }
    },
    {
      "n": 1024,
      "rust": {
        "median_s_per_call": 0.0016967118892353028,
        "samples_s_per_call": [
          0.0013833564007654786,
          0.0016967118892353028,
          0.0017366784799378366,
          0.0014281704800669104,
          0.0011832529492676257,
          0.0020426429098006336,
          0.0019269636308308692
        ]
      },
      "julia": {
        "median_s_per_call": 0.005686966000357643,
        "samples_s_per_call": [
          0.006001488990150392,
          0.005794139149365947,
          0.005717299849493429,
          0.005686966000357643,
          0.005458021940430626,
          0.005583635770017281,
          0.005522290370427072
        ]
      },
      "python": {
        "median_s_per_call": 0.009760507349856198,
        "samples_s_per_call": [
          0.009760507349856198,
          0.009786350309150293,
          0.009588014370528981,
          0.01038672388996929,
          0.009639916680753232,
          0.009590532860020175,
          0.010382087460020556
        ]
      }
    },
    {
      "n": 2048,
      "rust": {
        "median_s_per_call": 0.011849489359883591,
        "samples_s_per_call": [
          0.011588062599767,
          0.011970610349671916,
          0.011588929840363561,
          0.012241708639776335,
          0.011849489359883591,
          0.011737994439899922,
          0.013336714500328526
        ]
      },
      "julia": {
        "median_s_per_call": 0.045918334879679605,
        "samples_s_per_call": [
          0.045918334879679605,
          0.05290139287943021,
          0.048853943400317804,
          0.04541179651976563,
          0.04448278976953588,
          0.04576004566042684,
          0.05345214051078074
        ]
      },
      "python": {
        "median_s_per_call": 0.05745831776992418,
        "samples_s_per_call": [
          0.061266585340490565,
          0.08192865271004848,
          0.08291627050959505,
          0.05745831776992418,
          0.05157062651007436,
          0.05344305948936381,
          0.05502275857958011
        ]
      }
    }
  ]
}