{
  "generated_at_utc": "2026-06-23T15:36:54+00:00",
  "runner": {
    "hostname": "aaarthuus",
    "platform": "Linux-6.17.0-35-generic-x86_64-with-glibc2.39",
    "python": "3.12.3",
    "cpu": {
      "model": "11th Gen Intel(R) Core(TM) i5-11600K @ 3.90GHz",
      "cores": "6"
    }
  },
  "parameters": {
    "repeats": 7,
    "inner_repeats": 100,
    "sizes": [
      4,
      16,
      64,
      256,
      1024,
      2048
    ],
    "coupling": 1.0
  },
  "mean_field_force": [
    {
      "n": 4,
      "rust": {
        "median_s_per_call": 1.1067499872297048e-06,
        "samples_s_per_call": [
          5.063284887000918e-05,
          1.0613806080073119e-06,
          1.1734000872820616e-06,
          1.0586692951619625e-06,
          1.103690592572093e-06,
          1.685040770098567e-06,
          1.1067499872297048e-06
        ]
      },
      "julia": {
        "median_s_per_call": 1.4657019637525081e-05,
        "samples_s_per_call": [
          2.402669982984662e-05,
          1.7838209168985485e-05,
          1.3203870039433241e-05,
          0.0001599536300636828,
          1.4657019637525081e-05,
          1.4091570628806948e-05,
          1.4214020920917391e-05
        ]
      },
      "python": {
        "median_s_per_call": 1.136029022745788e-05,
        "samples_s_per_call": [
          6.303568021394312e-05,
          1.136029022745788e-05,
          1.1582949664443731e-05,
          1.220954000018537e-05,
          1.0774630354717373e-05,
          1.0469099506735802e-05,
          1.041532028466463e-05
        ]
      }
    },
    {
      "n": 16,
      "rust": {
        "median_s_per_call": 1.2146600056439639e-06,
        "samples_s_per_call": [
          1.3654504436999558e-06,
          1.2658897321671247e-06,
          1.2146600056439639e-06,
          1.4474603813141585e-06,
          1.2093305122107267e-06,
          1.208389876410365e-06,
          1.2025306932628155e-06
        ]
      },
      "julia": {
        "median_s_per_call": 1.4785219682380558e-05,
        "samples_s_per_call": [
          1.1481089750304818e-05,
          1.2486230116337537e-05,
          1.4785219682380558e-05,
          1.727988012135029e-05,
          1.5676299808546902e-05,
          1.3093090383335947e-05,
          1.6420689644291996e-05
        ]
      },
      "python": {
        "median_s_per_call": 1.3968849088996649e-05,
        "samples_s_per_call": [
          1.4856650959700346e-05,
          1.3968849088996649e-05,
          1.3654649956151843e-05,
          1.4066770672798157e-05,
          1.0517500340938568e-05,
          1.2267900165170432e-05,
          1.4291449915617704e-05
        ]
      }
    },
    {
      "n": 64,
      "rust": {
        "median_s_per_call": 3.524619387462735e-06,
        "samples_s_per_call": [
          2.526909811422229e-06,
          2.1127203945070506e-06,
          2.550099743530154e-06,
          3.7568598054349423e-06,
          4.329639486968517e-06,
          3.524619387462735e-06,
          3.567270468920469e-06
        ]
      },
      "julia": {
        "median_s_per_call": 1.998889958485961e-05,
        "samples_s_per_call": [
          2.2815909469500186e-05,
          1.8262190278619527e-05,
          2.0183779997751117e-05,
          1.998889958485961e-05,
          2.1289329743012787e-05,
          1.5137699665501714e-05,
          1.6105159884318708e-05
        ]
      },
      "python": {
        "median_s_per_call": 1.8254329916089773e-05,
        "samples_s_per_call": [
          1.8254329916089773e-05,
          2.5035999715328217e-05,
          2.0265969214960933e-05,
          2.1459170384332537e-05,
          1.617420930415392e-05,
          1.3718920527026058e-05,
          1.405723043717444e-05
        ]
      }
    },
    {
      "n": 256,
      "rust": {
        "median_s_per_call": 5.987359909340739e-06,
        "samples_s_per_call": [
          5.987359909340739e-06,
          1.0308159980922937e-05,
          5.684460047632456e-06,
          5.491750780493021e-06,
          5.863959668204188e-06,
          6.2623398844152685e-06,
          6.199810886755586e-06
        ]
      },
      "julia": {
        "median_s_per_call": 2.2353549720719457e-05,
        "samples_s_per_call": [
          2.184871002100408e-05,
          2.5113410083577036e-05,
          3.2441990915685894e-05,
          2.3945510620251297e-05,
          2.2353549720719457e-05,
          1.790576963685453e-05,
          1.738306018523872e-05
        ]
      },
      "python": {
        "median_s_per_call": 1.9582409877330064e-05,
        "samples_s_per_call": [
          3.2492500031366946e-05,
          2.134463982656598e-05,
          2.1621669875457884e-05,
          1.9582409877330064e-05,
          1.823176979087293e-05,
          1.7308579990640283e-05,
          1.646938966587186e-05
        ]
      }
    },
    {
      "n": 1024,
      "rust": {
        "median_s_per_call": 3.534340066835284e-05,
        "samples_s_per_call": [
          2.199072972871363e-05,
          3.322139964438975e-05,
          3.70992801617831e-05,
          3.693611011840403e-05,
          3.436862956732512e-05,
          3.534340066835284e-05,
          3.589833038859069e-05
        ]
      },
      "julia": {
        "median_s_per_call": 5.154634010978043e-05,
        "samples_s_per_call": [
          5.4804818937554955e-05,
          5.868925014510751e-05,
          5.154634010978043e-05,
          5.011986941099167e-05,
          5.483470042236149e-05,
          3.829792956821621e-05,
          4.2903641005977985e-05
        ]
      },
      "python": {
        "median_s_per_call": 5.073481006547809e-05,
        "samples_s_per_call": [
          6.603930960409343e-05,
          4.471933003515005e-05,
          4.2373740579932925e-05,
          4.9125989899039266e-05,
          5.073481006547809e-05,
          8.123653009533882e-05,
          7.954329019412399e-05
        ]
      }
    },
    {
      "n": 2048,
      "rust": {
        "median_s_per_call": 7.227296009659767e-05,
        "samples_s_per_call": [
          7.62458797544241e-05,
          7.41326599381864e-05,
          7.785495021380485e-05,
          7.227296009659767e-05,
          7.138864020816982e-05,
          5.3461410570889714e-05,
          4.495867993682623e-05
        ]
      },
      "julia": {
        "median_s_per_call": 0.00011080588912591338,
        "samples_s_per_call": [
          0.00010746587999165058,
          0.00011884053004905582,
          0.00012330941972322763,
          9.308228036388754e-05,
          0.0003246572893112898,
          0.00011080588912591338,
          0.0001026254694443196
        ]
      },
      "python": {
        "median_s_per_call": 9.757550084032119e-05,
        "samples_s_per_call": [
          6.975873955525458e-05,
          0.00012827774975448847,
          0.00013084335019811989,
          7.553449016995728e-05,
          9.757550084032119e-05,
          9.55634901765734e-05,
          0.00012098918901756406
        ]
      }
    }
  ],
  "mean_field_jacobian": [
    {
      "n": 4,
      "rust": {
        "median_s_per_call": 2.3759703617542982e-06,
        "samples_s_per_call": [
          4.738260759040713e-06,
          2.1859107073396446e-06,
          2.3759703617542982e-06,
          2.309589181095362e-06,
          2.3024098481982946e-06,
          2.6714894920587538e-06,
          3.903479082509875e-06
        ]
      },
      "julia": {
        "median_s_per_call": 2.5258020032197236e-05,
        "samples_s_per_call": [
          2.915706019848585e-05,
          2.4574550334364176e-05,
          2.6197689585387707e-05,
          2.5900530163198708e-05,
          2.5258020032197236e-05,
          2.4741609813645482e-05,
          2.126293955370784e-05
        ]
      },
      "python": {
        "median_s_per_call": 1.8882190342992544e-05,