{
  "generated_at_utc": "2026-07-06T13:10:55+00:00",
  "runner": {
    "hostname": "aaarthuus",
    "platform": "Linux-6.17.0-35-generic-x86_64-with-glibc2.39",
    "python": "3.12.3",
    "cpu": {
      "model": "11th Gen Intel(R) Core(TM) i5-11600K @ 3.90GHz",
      "cores": "6"
    }
  },
  "parameters": {
    "repeats": 7,
    "inner_repeats": 20,
    "dt": 0.01,
    "n_steps": 600,
    "delay_steps": 10,
    "delay": 0.1,
    "sizes": [
      8,
      16,
      32,
      64,
      128
    ]
  },
  "networked_delayed_trajectory": [
    {
      "n": 8,
      "rust": {
        "median_s_per_call": 0.0015756239008624107,
        "samples_s_per_call": [
          0.004441933351336047,
          0.002679184399312362,
          0.0019493900530505926,
          0.0015369886998087168,
          0.0014760790509171784,
          0.0015756239008624107,
          0.0012308412522543221
        ]
      },
      "julia": {
        "median_s_per_call": 0.00181380319991149,
        "samples_s_per_call": [
          0.0016010289487894624,
          0.0017446765501517802,
          0.0019453377521131189,
          0.0018214297015219927,
          0.0021880812535528095,
          0.00181380319991149,
          0.0016295943467412144
        ]
      },
      "python": {
        "median_s_per_call": 0.05706543404958211,
        "samples_s_per_call": [
          0.04983322424814105,
          0.05706543404958211,
          0.06192857114947401,
          0.05443957744864747,
          0.05959990365081467,
          0.06018288820050657,
          0.04670951329753734
        ]
      }
    },
    {
      "n": 16,
      "rust": {
        "median_s_per_call": 0.00437155484687537,
        "samples_s_per_call": [
          0.0042517233989201484,
          0.004619050148176029,
          0.004672449897043407,
          0.004078211297746747,
          0.00437155484687537,
          0.0042580014036502686,
          0.004998893698211759
        ]
      },
      "julia": {
        "median_s_per_call": 0.005340768996393308,
        "samples_s_per_call": [
          0.0054505601525306705,
          0.005340768996393308,
          0.004272456199396401,
          0.00533933425322175,
          0.004262075899168849,
          0.005575675249565393,
          0.0057714316004421565
        ]
      },
      "python": {
        "median_s_per_call": 0.050981557404156774,
        "samples_s_per_call": [
          0.048694403003901245,
          0.03972449025022797,
          0.050981557404156774,
          0.07023667229805142,
          0.0810356782982126,
          0.05906585499760695,
          0.04745949665084481
        ]
      }
    },
    {
      "n": 32,
      "rust": {
        "median_s_per_call": 0.018578557402361185,
        "samples_s_per_call": [
          0.018167889554752036,
          0.022602369851665572,
          0.015768282499630006,
          0.018578557402361185,
          0.022149451647419483,
          0.018421457399381325,
          0.01888867824454792
        ]
      },
      "julia": {
        "median_s_per_call": 0.019388359697768465,
        "samples_s_per_call": [
          0.01916978689841926,
          0.018202138901688158,
          0.018227854499127717,
          0.019388359697768465,
          0.020461896649794652,
          0.019630970049183814,
          0.02047113624867052
        ]
      },
      "python": {
        "median_s_per_call": 0.1614633698016405,
        "samples_s_per_call": [
          0.11096290135174058,
          0.16410942830261774,
          0.15396889690309762,
          0.1570073417504318,
          0.16571720489882863,
          0.1616991581977345,
          0.1614633698016405
        ]
      }
    },
    {
      "n": 64,
      "rust": {
        "median_s_per_call": 0.06981057520024478,
        "samples_s_per_call": [
          0.0986742070002947,
          0.06885127159766853,
          0.07827887414605357,
          0.06149683360126801,
          0.0695683588506654,
          0.06981057520024478,
          0.0770064526994247
        ]
      },
      "julia": {
        "median_s_per_call": 0.08767756705055944,
        "samples_s_per_call": [
          0.09064527445007116,
          0.09390320515376516,
          0.08071603844873607,
          0.08728388344752602,
          0.09936154035385698,
          0.0819384784961585,
          0.08767756705055944
        ]
      },
      "python": {
        "median_s_per_call": 0.19462712044478395,
        "samples_s_per_call": [
          0.2374613074993249,
          0.24402286819531582,
          0.20195610044756904,
          0.19462712044478395,
          0.1877616522484459,
          0.163195619097678,
          0.15436852590064518
        ]
      }
    },
    {
      "n": 128,
      "rust": {
        "median_s_per_call": 0.35747499230201357,
        "samples_s_per_call": [
          0.3207973844488151,
          0.3202026143495459,
          0.36743610554840417,
          0.35747499230201357,
          0.41936434555100277,
          0.3524808099027723,
          0.39452181109809314
        ]
      },
      "julia": {
        "median_s_per_call": 0.38895682094735096,
        "samples_s_per_call": [
          0.38895682094735096,
          0.3483449399995152,
          0.38390508049633354,
          0.42640186949865894,
          0.43150486435042695,
          0.38959508589468894,
          0.3762870638456661
        ]
      },
      "python": {
        "median_s_per_call": 0.4207694236480165,
        "samples_s_per_call": [
          0.4174054737959523,
          0.4218463380006142,
          0.4207694236480165,
          0.43521186264697465,
          0.4255679188994691,
          0.3847598112537526,
          0.37747609624639156
        ]
      }
    }
  ]
}