{
  "generated_at_utc": "2026-07-06T12:15:14+00:00",
  "runner": {
    "hostname": "aaarthuus",
    "platform": "Linux-6.17.0-35-generic-x86_64-with-glibc2.39",
    "python": "3.12.3",
    "cpu": {
      "model": "11th Gen Intel(R) Core(TM) i5-11600K @ 3.90GHz",
      "cores": "6"
    }
  },
  "parameters": {
    "repeats": 7,
    "inner_repeats": 20,
    "dt": 0.01,
    "n_steps": 600,
    "mass": 1.0,
    "damping": 0.5,
    "sizes": [
      8,
      16,
      32,
      64,
      128
    ]
  },
  "networked_symplectic_inertial_trajectory": [
    {
      "n": 8,
      "rust": {
        "median_s_per_call": 0.0018348136043641716,
        "samples_s_per_call": [
          0.003181798552395776,
          0.0012630495999474078,
          0.0018348136043641716,
          0.0020656805485486985,
          0.0014403782028239221,
          0.0014724281500093639,
          0.0018406887538731098
        ]
      },
      "julia": {
        "median_s_per_call": 0.0026838470483198764,
        "samples_s_per_call": [
          0.0037457501515746118,
          0.001613555004587397,
          0.0021476333495229483,
          0.0014929463504813612,
          0.004142627649707719,
          0.0026838470483198764,
          0.0028898979013320058
        ]
      },
      "python": {
        "median_s_per_call": 0.03806023455108516,
        "samples_s_per_call": [
          0.02738863679696806,
          0.04476354175130837,
          0.02980018429807387,
          0.03806023455108516,
          0.04164892049739137,
          0.041644332150463016,
          0.031176194548606873
        ]
      }
    },
    {
      "n": 16,
      "rust": {
        "median_s_per_call": 0.00587120495038107,
        "samples_s_per_call": [
          0.006609090801794082,
          0.0062054415000602605,
          0.00587120495038107,
          0.004327527794521302,
          0.00517763770185411,
          0.004158969852142036,
          0.007051017397316173
        ]
      },
      "julia": {
        "median_s_per_call": 0.01009645445155911,
        "samples_s_per_call": [
          0.007766647450625897,
          0.011581746599404141,
          0.014896016800776124,
          0.00796526600024663,
          0.01009645445155911,
          0.010084745998028666,
          0.01443731429753825
        ]
      },
      "python": {
        "median_s_per_call": 0.04494734900072217,
        "samples_s_per_call": [
          0.036056375899352136,
          0.055558530596317726,
          0.05795202709850855,
          0.04494734900072217,
          0.04075706530129537,
          0.03585201344685629,
          0.047302318504080176
        ]
      }
    },
    {
      "n": 32,
      "rust": {
        "median_s_per_call": 0.03139505794970319,
        "samples_s_per_call": [
          0.03250486270408146,
          0.034392141952412206,
          0.0376913724525366,
          0.02908752154908143,
          0.03139505794970319,
          0.028908580500865356,
          0.02213553854962811
        ]
      },
      "julia": {
        "median_s_per_call": 0.021410222601843998,
        "samples_s_per_call": [
          0.021410222601843998,
          0.03977011464885436,
          0.01597898380132392,
          0.01452444334863685,
          0.015377529250690714,
          0.03289642505114898,
          0.03177722149994224
        ]
      },
      "python": {
        "median_s_per_call": 0.08826742604724132,
        "samples_s_per_call": [
          0.07482544124941341,
          0.10293731690035202,
          0.12241227715276182,
          0.07386611989932135,
          0.09280446269549429,
          0.08130250014946797,
          0.08826742604724132
        ]
      }
    },
    {
      "n": 64,
      "rust": {
        "median_s_per_call": 0.09911001265281812,
        "samples_s_per_call": [
          0.12024875459610485,
          0.12267297935322859,
          0.09911001265281812,
          0.07959280760260298,
          0.08352817025152035,
          0.10667034395155497,
          0.08804162759915926
        ]
      },
      "julia": {
        "median_s_per_call": 0.12476071029668674,
        "samples_s_per_call": [
          0.1722830434970092,
          0.10730976234772242,
          0.10526478174724616,
          0.12538268105126918,
          0.12782842930173502,
          0.12125541659770533,
          0.12476071029668674
        ]
      },
      "python": {
        "median_s_per_call": 0.2129702812002506,
        "samples_s_per_call": [
          0.2129702812002506,
          0.2539183366461657,
          0.2129407311032992,
          0.15541092709754595,
          0.18833784785238095,
          0.25503438645391724,
          0.21382688384619541
        ]
      }
    },
    {
      "n": 128,
      "rust": {
        "median_s_per_call": 0.5654135846998543,
        "samples_s_per_call": [
          0.6042677564488258,
          0.5948544416518416,
          0.4717450217984151,
          0.6196163490007166,
          0.5295534862962086,
          0.4757469697506167,
          0.5654135846998543
        ]
      },
      "julia": {
        "median_s_per_call": 0.5112521554983687,
        "samples_s_per_call": [
          0.5707270090002566,
          0.5112521554983687,
          0.5518083516974002,
          0.47941542649641633,
          0.49053049844806085,
          0.46633090294781143,
          0.5417146863008384
        ]
      },
      "python": {
        "median_s_per_call": 0.7080803230521269,
        "samples_s_per_call": [
          0.6644325747038238,
          0.7612800341448747,
          0.5309627536975313,
          0.702173977001803,
          0.7809916356985923,
          0.7080803230521269,
          0.7116930816497188
        ]
      }
    }
  ]
}