{
  "generated_at_utc": "2026-07-06T11:29:03+00:00",
  "runner": {
    "hostname": "aaarthuus",
    "platform": "Linux-6.17.0-35-generic-x86_64-with-glibc2.39",
    "python": "3.12.3",
    "cpu": {
      "model": "11th Gen Intel(R) Core(TM) i5-11600K @ 3.90GHz",
      "cores": "6"
    }
  },
  "parameters": {
    "repeats": 7,
    "inner_repeats": 20,
    "dt": 0.01,
    "n_steps": 600,
    "mass": 1.0,
    "damping": 0.5,
    "sizes": [
      8,
      16,
      32,
      64,
      128
    ]
  },
  "networked_inertial_trajectory": [
    {
      "n": 8,
      "rust": {
        "median_s_per_call": 0.0013436974491924047,
        "samples_s_per_call": [
          0.0012757083459291607,
          0.0016552948509342968,
          0.0015333577001001685,
          0.0013188677025027574,
          0.0013436974491924047,
          0.001200299896299839,
          0.0015734591986984014
        ]
      },
      "julia": {
        "median_s_per_call": 0.00212771444930695,
        "samples_s_per_call": [
          0.002105727297021076,
          0.0021408992004580797,
          0.0021447812498081474,
          0.0021235529507976024,
          0.003764555649831891,
          0.002003040298586711,
          0.00212771444930695
        ]
      },
      "python": {
        "median_s_per_call": 0.042157542699715125,
        "samples_s_per_call": [
          0.042157542699715125,
          0.035340246750274674,
          0.03865530689945444,
          0.053376368747558446,
          0.048863708350108934,
          0.06309537235065363,
          0.039928491500904786
        ]
      }
    },
    {
      "n": 16,
      "rust": {
        "median_s_per_call": 0.006333916500443593,
        "samples_s_per_call": [
          0.005656418000580743,
          0.005847044952679426,
          0.006209815654437989,
          0.006333916500443593,
          0.007549086451763287,
          0.00790057725389488,
          0.011376729351468384
        ]
      },
      "julia": {
        "median_s_per_call": 0.008164016745286062,
        "samples_s_per_call": [
          0.009986300551099702,
          0.008107396954437717,
          0.006792278599459678,
          0.008324485801858827,
          0.008164016745286062,
          0.007997888047248125,
          0.008504421298857779
        ]
      },
      "python": {
        "median_s_per_call": 0.04407702804892324,
        "samples_s_per_call": [
          0.06234771844465285,
          0.038517523295013234,
          0.037607810547342524,
          0.06895114824874327,
          0.04217351039987989,
          0.04407702804892324,
          0.047207524400437254
        ]
      }
    },
    {
      "n": 32,
      "rust": {
        "median_s_per_call": 0.02695539205451496,
        "samples_s_per_call": [
          0.02695539205451496,
          0.03263420799630694,
          0.02666648040176369,
          0.027046005899319426,
          0.02488672994659282,
          0.027203857596032322,
          0.02359217789489776
        ]
      },
      "julia": {
        "median_s_per_call": 0.022910985501948745,
        "samples_s_per_call": [
          0.022568133601453155,
          0.02165905184810981,
          0.0200713365979027,
          0.024615933047607542,
          0.023199268599273636,
          0.024534736800706013,
          0.022910985501948745
        ]
      },
      "python": {
        "median_s_per_call": 0.07636580999824219,
        "samples_s_per_call": [
          0.07627710300148464,
          0.0685705364041496,
          0.07592939549940639,
          0.08642525704926811,
          0.07636580999824219,
          0.09361528530134819,
          0.08732971040299162
        ]
      }
    },
    {
      "n": 64,
      "rust": {
        "median_s_per_call": 0.07203378069680184,
        "samples_s_per_call": [
          0.08307288624928333,
          0.08090919175301678,
          0.07849415194941685,
          0.07203378069680184,
          0.06918159694760107,
          0.07080667349509895,
          0.07171025955467485
        ]
      },
      "julia": {
        "median_s_per_call": 0.08182065794826485,
        "samples_s_per_call": [
          0.09221260119811632,
          0.08001005075057037,
          0.07653456309926696,
          0.0825094067491591,
          0.08182065794826485,
          0.1011348624539096,
          0.0774425663985312
        ]
      },
      "python": {
        "median_s_per_call": 0.1524306066450663,
        "samples_s_per_call": [
          0.15531026794924402,
          0.13537631240324116,
          0.1524306066450663,
          0.14579513444914483,
          0.15394423454999923,
          0.15299908454762773,
          0.14649451510049402
        ]
      }
    },
    {
      "n": 128,
      "rust": {
        "median_s_per_call": 0.3790765990503132,
        "samples_s_per_call": [
          0.37389493550290354,
          0.40543896990129724,
          0.4030246982467361,
          0.3709105820511468,
          0.39089969104970806,
          0.3790765990503132,
          0.3565501792530995
        ]
      },
      "julia": {
        "median_s_per_call": 0.33891918049775993,
        "samples_s_per_call": [
          0.29407157495152203,
          0.3035950830497313,
          0.3301567661517765,
          0.3400944035500288,
          0.34804524564533496,
          0.33891918049775993,
          0.356413466547383
        ]
      },
      "python": {
        "median_s_per_call": 0.5314938356517814,
        "samples_s_per_call": [
          0.5017658329044934,
          0.540804303745972,
          0.5186984927509911,
          0.5461262839031406,
          0.5340513321454636,
          0.5314938356517814,
          0.45882984935306015
        ]
      }
    }
  ]
}