{
  "generated_at_utc": "2026-07-06T13:45:06+00:00",
  "runner": {
    "hostname": "aaarthuus",
    "platform": "Linux-6.17.0-35-generic-x86_64-with-glibc2.39",
    "python": "3.12.3",
    "cpu": {
      "model": "11th Gen Intel(R) Core(TM) i5-11600K @ 3.90GHz",
      "cores": "6"
    }
  },
  "parameters": {
    "repeats": 7,
    "inner_repeats": 20,
    "dt": 0.01,
    "n_steps": 600,
    "diffusion": 0.5,
    "sizes": [
      8,
      16,
      32,
      64,
      128
    ]
  },
  "networked_noisy_trajectory": [
    {
      "n": 8,
      "rust": {
        "median_s_per_call": 0.0005634261993691325,
        "samples_s_per_call": [
          0.0007611688459292054,
          0.0006278185988776386,
          0.0005634261993691325,
          0.0006812356994487345,
          0.0005046085978392511,
          0.0005003615515306592,
          0.0004755287023726851
        ]
      },
      "julia": {
        "median_s_per_call": 0.0004997426469344646,
        "samples_s_per_call": [
          0.0004972882976289839,
          0.0006403824489098042,
          0.0004997426469344646,
          0.0005291755485814064,
          0.0004806143988389522,
          0.0004766723490320146,
          0.0005712193495128303
        ]
      },
      "python": {
        "median_s_per_call": 0.018080139200901613,
        "samples_s_per_call": [
          0.018080139200901613,
          0.019456596055533737,
          0.01775770995300263,
          0.019163581647444517,
          0.014817278151167557,
          0.01488529514754191,
          0.019978560449089855
        ]
      }
    },
    {
      "n": 16,
      "rust": {
        "median_s_per_call": 0.002659171249251813,
        "samples_s_per_call": [
          0.0028250343981198966,
          0.0028200987493619324,
          0.002535109902964905,
          0.0026796899968758226,
          0.0023270254489034413,
          0.002499496249947697,
          0.002659171249251813
        ]
      },
      "julia": {
        "median_s_per_call": 0.0029342327965423466,
        "samples_s_per_call": [
          0.0027652981516439468,
          0.0029342327965423466,
          0.0028566799010150135,
          0.0025133982999250293,
          0.003073707304429263,
          0.0038181512034498157,
          0.004643046000273899
        ]
      },
      "python": {
        "median_s_per_call": 0.02382781189517118,
        "samples_s_per_call": [
          0.03871561239939183,
          0.02332007944933139,
          0.026875031151575968,
          0.02382781189517118,
          0.022494818444829433,
          0.025538673147093505,
          0.02128646060009487
        ]
      }
    },
    {
      "n": 32,
      "rust": {
        "median_s_per_call": 0.01068873034673743,
        "samples_s_per_call": [
          0.010469540249323473,
          0.010430198250105605,
          0.013383406546199694,
          0.012267305195564404,
          0.01068873034673743,
          0.012650213751476258,
          0.010476870351703837
        ]
      },
      "julia": {
        "median_s_per_call": 0.009166172851109877,
        "samples_s_per_call": [
          0.009171342803165316,
          0.009166172851109877,
          0.00848533380194567,
          0.010429710050811992,
          0.00839193135034293,
          0.010277218848932535,
          0.00786880734958686
        ]
      },
      "python": {
        "median_s_per_call": 0.03752819484798238,
        "samples_s_per_call": [
          0.03158697370090522,
          0.044393560697790234,
          0.0398809713544324,
          0.038291941100033,
          0.03752819484798238,
          0.034292061248561365,
          0.03685358439688571
        ]
      }
    },
    {
      "n": 64,
      "rust": {
        "median_s_per_call": 0.0550025355478283,
        "samples_s_per_call": [
          0.05151432034908794,
          0.06019027855363675,
          0.050440917647210884,
          0.058517336950171736,
          0.0550025355478283,
          0.05322084904764779,
          0.058840134198544544
        ]
      },
      "julia": {
        "median_s_per_call": 0.054300659050932155,
        "samples_s_per_call": [
          0.05661340659717098,
          0.05859540539677255,
          0.054300659050932155,
          0.07024339119670912,
          0.04133789510233328,
          0.042609799100318924,
          0.037347085803048685
        ]
      },
      "python": {
        "median_s_per_call": 0.10057568469783291,
        "samples_s_per_call": [
          0.1017158669012133,
          0.09432379649952054,
          0.0831063773483038,
          0.08966349600232207,
          0.10057568469783291,
          0.13319445630186239,
          0.10372619690024294
        ]
      }
    },
    {
      "n": 128,
      "rust": {
        "median_s_per_call": 0.15992082165321336,
        "samples_s_per_call": [
          0.15760406759800388,
          0.15992082165321336,
          0.1671566775010433,
          0.13648964960011653,
          0.1548082256980706,
          0.16393362890230492,
          0.16828005189890974
        ]
      },
      "julia": {
        "median_s_per_call": 0.17344230549642817,
        "samples_s_per_call": [
          0.14930146104888992,
          0.16146576234605164,
          0.17606577014666983,
          0.17344230549642817,
          0.14800667464733125,
          0.19341048569767735,
          0.20006403625011443
        ]
      },
      "python": {
        "median_s_per_call": 0.2808541956997942,
        "samples_s_per_call": [
          0.3437456651008688,
          0.2808541956997942,
          0.29982759734848513,
          0.2790317975508515,
          0.2573014500550926,
          0.29603306545177477,
          0.2385636473482009
        ]
      }
    }
  ]
}