{
  "generated_at_utc": "2026-06-23T19:02:47+00:00",
  "runner": {
    "hostname": "aaarthuus",
    "platform": "Linux-6.17.0-35-generic-x86_64-with-glibc2.39",
    "python": "3.12.3",
    "cpu": {
      "model": "11th Gen Intel(R) Core(TM) i5-11600K @ 3.90GHz",
      "cores": "6"
    }
  },
  "parameters": {
    "repeats": 7,
    "inner_repeats": 50,
    "sizes": [
      4,
      16,
      64,
      256,
      1024,
      2048
    ],
    "coupling": "dense_symmetric_random"
  },
  "networked_kuramoto_force": [
    {
      "n": 4,
      "rust": {
        "median_s_per_call": 2.5563989765942096e-06,
        "samples_s_per_call": [
          0.000173721460159868,
          2.585540059953928e-06,
          2.474440261721611e-06,
          2.5393790565431116e-06,
          2.5563989765942096e-06,
          2.526200842112303e-06,
          2.71274009719491e-06
        ]
      },
      "julia": {
        "median_s_per_call": 1.9292200449854134e-05,
        "samples_s_per_call": [
          3.537730081006885e-05,
          1.7622900195419788e-05,
          0.00039758304134011267,
          1.9292200449854134e-05,
          1.815972151234746e-05,
          1.8450201023370026e-05,
          2.8410439845174552e-05
        ]
      },
      "python": {
        "median_s_per_call": 4.955800250172615e-06,
        "samples_s_per_call": [
          4.6839059796184304e-05,
          4.341178573668003e-06,
          5.352899897843599e-06,
          4.955800250172615e-06,
          4.652219358831644e-06,
          4.519959911704064e-06,
          5.251339171081782e-06
        ]
      }
    },
    {
      "n": 16,
      "rust": {
        "median_s_per_call": 3.019159194082022e-06,
        "samples_s_per_call": [
          3.6379415541887284e-06,
          2.9823393560945986e-06,
          2.9703602194786073e-06,
          3.3509405329823495e-06,
          3.2090418972074984e-06,
          3.019159194082022e-06,
          2.917179372161627e-06
        ]
      },
      "julia": {
        "median_s_per_call": 2.2003138437867163e-05,
        "samples_s_per_call": [
          2.019088016822934e-05,
          1.758759841322899e-05,
          1.767517998814583e-05,
          2.2003138437867163e-05,
          2.5793579407036305e-05,
          3.895191941410303e-05,
          2.5489539839327337e-05
        ]
      },
      "python": {
        "median_s_per_call": 6.453499663621187e-06,
        "samples_s_per_call": [
          1.1923059355467558e-05,
          8.825559634715318e-06,
          6.553020793944597e-06,
          6.288040895015001e-06,
          6.2198191881179806e-06,
          6.453499663621187e-06,
          6.2036607414484025e-06
        ]
      }
    },
    {
      "n": 64,
      "rust": {
        "median_s_per_call": 3.16912611015141e-05,
        "samples_s_per_call": [
          3.3521680161356924e-05,
          3.16912611015141e-05,
          2.9044440016150474e-05,
          2.8453739359974862e-05,
          3.2131019979715346e-05,
          3.1015800777822734e-05,
          3.237794153392315e-05
        ]
      },
      "julia": {
        "median_s_per_call": 4.839957924559712e-05,
        "samples_s_per_call": [
          4.839957924559712e-05,
          4.417277872562409e-05,
          4.289371892809868e-05,
          4.652280127629638e-05,
          7.039939984679222e-05,
          5.487930029630661e-05,
          5.65882190130651e-05
        ]
      },
      "python": {
        "median_s_per_call": 5.381645867601037e-05,
        "samples_s_per_call": [
          5.5247119162231685e-05,
          5.381645867601037e-05,
          5.7334720622748137e-05,
          5.623026052489877e-05,
          5.103481933474541e-05,
          4.092636052519083e-05,
          4.445451777428389e-05
        ]
      }
    },
    {
      "n": 256,
      "rust": {
        "median_s_per_call": 0.0008251670794561506,
        "samples_s_per_call": [
          0.0008204172388650477,
          0.0008438867796212435,
          0.0008649188606068492,
          0.0008251670794561506,
          0.000911134360358119,
          0.0008129153796471656,
          0.0008106637001037598
        ]
      },
      "julia": {
        "median_s_per_call": 0.0007392473192885518,
        "samples_s_per_call": [
          0.0007016316195949912,
          0.0006697468203492463,
          0.000748846537899226,
          0.0007392473192885518,
          0.0007317797001451254,
          0.0007845283183269203,
          0.0008316353010013699
        ]
      },
      "python": {
        "median_s_per_call": 0.0009155147802084684,
        "samples_s_per_call": [
          0.0010015696799382566,
          0.0009155147802084684,
          0.0008969975402578712,
          0.0009507231577299536,
          0.0009990374790504574,
          0.0008896053582429886,
          0.0008768245996907353
        ]
      }
    },
    {
      "n": 1024,
      "rust": {
        "median_s_per_call": 0.016047996720299124,
        "samples_s_per_call": [
          0.01888671766035259,
          0.015330002838745714,
          0.015497068339027465,
          0.016001563819590957,
          0.016628164460416883,
          0.017058861600235106,
          0.016047996720299124
        ]
      },
      "julia": {
        "median_s_per_call": 0.018809345299378038,
        "samples_s_per_call": [
          0.016998643800616265,
          0.017252772781066596,
          0.022423667660914363,
          0.02167918276041746,
          0.017847001519985497,
          0.018809345299378038,
          0.019906703978776932
        ]
      },
      "python": {
        "median_s_per_call": 0.03667991229798645,
        "samples_s_per_call": [
          0.03264216739917174,
          0.025939951438922436,
          0.027837643381208182,
          0.03667991229798645,
          0.06100429244106635,
          0.06493821505922824,
          0.039502593360375614
        ]
      }
    },
    {
      "n": 2048,
      "rust": {
        "median_s_per_call": 0.0990056131617166,
        "samples_s_per_call": [
          0.09942861647810787,
          0.09556851269910112,
          0.09686080815969035,
          0.098129257701803,
          0.10760271857958287,
          0.09985338697908447,
          0.0990056131617166
        ]
      },
      "julia": {
        "median_s_per_call": 0.08790384525898844,
        "samples_s_per_call": [
          0.10655303311999888,
          0.08790384525898844,
          0.09562376915942877,
          0.09249938205815851,
          0.08390720664057881,
          0.062756579418201,
          0.058466593238990755
        ]
      },
      "python": {
        "median_s_per_call": 0.10047816755948588,
        "samples_s_per_call": [
          0.09711652661906556,
          0.1426949975383468,
          0.15038929999805986,
          0.1192443035589531,
          0.09791332053951919,
          0.09685228524031117,
          0.10047816755948588
        ]
      }
    }
  ],
  "networked_kuramoto_jacobian": [
    {
      "n": 4,
      "rust": {
        "median_s_per_call": 1.5841401182115078e-06,
        "samples_s_per_call": [
          9.217611979693174e-05,
          1.504139509052038e-06,
          1.5841401182115078e-06,
          1.4383019879460335e-06,
          1.5989202074706555e-06,
          1.5912996605038643e-06,
          1.4476408250629901e-06
        ]
      },
      "julia": {
        "median_s_per_call": 0.0002767987595871091,
        "samples_s_per_call": [
          0.0007111982000060379,
          0.00029009619960561393,
          0.00029265933902934194,
          0.0002128332993015647,
          0.00023847637930884957,
          0.00025294308084994555,
          0.0002767987595871091
        ]
      },
      "python": {
        "median_s_per_call": 1.4582120347768069e-05,