{
  "generated_at_utc": "2026-06-22T22:52:30+00:00",
  "runner": {
    "hostname": "aaarthuus",
    "platform": "Linux-6.17.0-35-generic-x86_64-with-glibc2.39",
    "python": "3.12.3",
    "cpu": {
      "model": "11th Gen Intel(R) Core(TM) i5-11600K @ 3.90GHz",
      "cores": "6"
    }
  },
  "parameters": {
    "repeats": 7,
    "inner_repeats": 100,
    "sizes": [
      4,
      16,
      64,
      256,
      1024,
      2048
    ]
  },
  "rows": [
    {
      "n": 4,
      "rust": {
        "median_s_per_call": 1.1142203584313393e-06,
        "samples_s_per_call": [
          1.8505919724702837e-05,
          1.1784106027334928e-06,
          1.045939279720187e-06,
          1.0488100815564393e-06,
          1.0267295874655248e-06,
          1.1142203584313393e-06,
          1.2351700570434333e-06
        ]
      },
      "julia": {
        "median_s_per_call": 1.6168910078704358e-05,
        "samples_s_per_call": [
          2.2639789385721087e-05,
          1.5627160901203753e-05,
          1.2121169129386545e-05,
          1.6168910078704358e-05,
          1.3211090117692947e-05,
          3.574872971512377e-05,
          2.0758709870278834e-05
        ]
      },
      "python": {
        "median_s_per_call": 2.1790439495816828e-05,
        "samples_s_per_call": [
          4.172415006905794e-05,
          2.343582920730114e-05,
          1.9794279942288996e-05,
          2.0063869887962936e-05,
          2.2099309135228395e-05,
          2.1790439495816828e-05,
          2.1096880082041026e-05
        ]
      }
    },
    {
      "n": 16,
      "rust": {
        "median_s_per_call": 1.5624903608113528e-06,
        "samples_s_per_call": [
          2.0547094754874706e-06,
          1.7786899115890264e-06,
          1.7373799346387386e-06,
          1.5624903608113528e-06,
          1.3766298070549965e-06,
          1.4279503375291824e-06,
          1.5141896437853576e-06
        ]
      },
      "julia": {
        "median_s_per_call": 1.2326919240877031e-05,
        "samples_s_per_call": [
          1.3340199366211891e-05,
          1.381356967613101e-05,
          1.2326919240877031e-05,
          1.2328010052442551e-05,
          1.197559991851449e-05,
          1.1956539237871766e-05,
          1.2282360112294555e-05
        ]
      },
      "python": {
        "median_s_per_call": 2.2236229851841928e-05,
        "samples_s_per_call": [
          2.7592959813773632e-05,
          2.1232480648905038e-05,
          1.980191911570728e-05,
          2.2236229851841928e-05,
          2.124908962287009e-05,
          2.323547028936446e-05,
          2.3056030040606857e-05
        ]
      }
    },
    {
      "n": 64,
      "rust": {
        "median_s_per_call": 3.604850498959422e-06,
        "samples_s_per_call": [
          3.866520710289479e-06,
          3.826599568128586e-06,
          3.3551699016243218e-06,
          3.2120104879140853e-06,
          3.604850498959422e-06,
          3.416489344090223e-06,
          4.434570437297225e-06
        ]
      },
      "julia": {
        "median_s_per_call": 7.554373936727643e-05,
        "samples_s_per_call": [
          3.1049499521031974e-05,
          1.9765859469771385e-05,
          0.00013066816958598793,
          0.00015775659936480225,
          4.649969050660729e-05,
          7.554373936727643e-05,
          0.00031856807065196337
        ]
      },
      "python": {
        "median_s_per_call": 4.373054020106792e-05,
        "samples_s_per_call": [
          4.01527900248766e-05,
          3.3598999725654724e-05,
          3.4903580090031025e-05,
          4.373054020106792e-05,
          6.843455950729549e-05,
          5.5968050146475436e-05,
          5.363191943615675e-05
        ]
      }
    },
    {
      "n": 256,
      "rust": {
        "median_s_per_call": 4.2994270334020254e-05,
        "samples_s_per_call": [
          4.589326097629964e-05,
          4.3445619521662596e-05,
          4.362175008282065e-05,
          3.9505769964307544e-05,
          4.0154070593416694e-05,
          4.2092620860785244e-05,
          4.2994270334020254e-05
        ]
      },
      "julia": {
        "median_s_per_call": 0.00037829407956451177,
        "samples_s_per_call": [
          0.0015022581501398236,
          0.000555945240193978,
          0.0002577129297424108,
          0.00029017596039921046,
          0.0002778243203647435,
          0.00038853559992276134,
          0.00037829407956451177
        ]
      },
      "python": {
        "median_s_per_call": 0.00020311733009293676,
        "samples_s_per_call": [
          0.00033279433962889014,
          0.0001925769296940416,
          0.0002049309597350657,
          0.0001976939698215574,
          0.00018900581984780728,
          0.00020311733009293676,
          0.00020689580007456242
        ]
      }
    },
    {
      "n": 1024,
      "rust": {
        "median_s_per_call": 0.002663101350190118,
        "samples_s_per_call": [
          0.0024120373593177645,
          0.002663101350190118,
          0.002665987790096551,
          0.0025957875698804857,
          0.002622915250249207,
          0.003001860699150711,
          0.002684460600139573
        ]
      },
      "julia": {
        "median_s_per_call": 0.007685323660261929,
        "samples_s_per_call": [
          0.008290986799402163,
          0.0065148585208225996,
          0.007685323660261929,
          0.00760905207018368,
          0.006668303749756887,
          0.007978763399878517,
          0.007933493659365923
        ]
      },
      "python": {
        "median_s_per_call": 0.008069537819828838,
        "samples_s_per_call": [
          0.008383556649787351,
          0.008069537819828838,
          0.008250009039184079,
          0.00835666289087385,
          0.007748993160203099,
          0.007390283549902961,
          0.007109946470009163
        ]
      }
    },
    {
      "n": 2048,
      "rust": {
        "median_s_per_call": 0.014237464329926296,
        "samples_s_per_call": [
          0.014822747639846057,
          0.014371023330604658,
          0.013440665251109749,
          0.013338037849171086,
          0.014203334080521017,
          0.014237464329926296,
          0.014972425010055303
        ]
      },
      "julia": {
        "median_s_per_call": 0.0536472034396138,
        "samples_s_per_call": [
          0.06267173551023006,
          0.055040864699985835,
          0.0536472034396138,
          0.05935239776037633,
          0.048975195799721406,
          0.04300745018990711,
          0.0445050205104053
        ]
      },
      "python": {
        "median_s_per_call": 0.03380340420990251,
        "samples_s_per_call": [
          0.032972764010773974,
          0.03048488177009858,
          0.03380340420990251,
          0.04143488642992452,
          0.035672675110399725,
          0.03326120769954286,
          0.03553158073918894
        ]
      }
    }
  ]
}