{
  "generated_at_utc": "2026-06-22T21:56:32+00:00",
  "runner": {
    "hostname": "aaarthuus",
    "platform": "Linux-6.17.0-35-generic-x86_64-with-glibc2.39",
    "python": "3.12.3",
    "cpu": {
      "model": "11th Gen Intel(R) Core(TM) i5-11600K @ 3.90GHz",
      "cores": "6"
    }
  },
  "parameters": {
    "repeats": 7,
    "inner_repeats": 100,
    "sizes": [
      4,
      16,
      64,
      256,
      1024,
      4096,
      16384
    ]
  },
  "rows": [
    {
      "n": 4,
      "rust": {
        "median_s_per_call": 1.1849007569253444e-06,
        "samples_s_per_call": [
          2.8213310288265346e-05,
          1.5308998990803957e-06,
          1.1849007569253444e-06,
          9.955896530300378e-07,
          1.0191090404987335e-06,
          1.0813691187649965e-06,
          1.5480595175176858e-06
        ]
      },
      "julia": {
        "median_s_per_call": 1.4857880305498839e-05,
        "samples_s_per_call": [
          1.89850595779717e-05,
          1.3570140581578016e-05,
          1.1567609617486595e-05,
          1.1168369092047214e-05,
          1.4857880305498839e-05,
          4.552823025733233e-05,
          1.9454150460660458e-05
        ]
      },
      "python": {
        "median_s_per_call": 1.8265979597344995e-05,
        "samples_s_per_call": [
          2.3733499692752956e-05,
          2.0705569768324493e-05,
          1.6728569753468037e-05,
          1.676828018389642e-05,
          1.791918999515474e-05,
          1.8954930128529666e-05,
          1.8265979597344995e-05
        ]
      }
    },
    {
      "n": 16,
      "rust": {
        "median_s_per_call": 1.1806201655417682e-06,
        "samples_s_per_call": [
          1.6451801639050245e-06,
          1.5121395699679852e-06,
          1.1010305024683476e-06,
          1.1806201655417682e-06,
          1.1747004464268685e-06,
          1.2090103700757026e-06,
          1.1782301589846611e-06
        ]
      },
      "julia": {
        "median_s_per_call": 1.3758090790361167e-05,
        "samples_s_per_call": [
          1.5546929789707063e-05,
          1.4580099377781153e-05,
          1.3758090790361167e-05,
          1.4511659974232317e-05,
          1.1907690204679966e-05,
          1.1779930209740997e-05,
          1.1344049125909805e-05
        ]
      },
      "python": {
        "median_s_per_call": 1.6419159946963192e-05,
        "samples_s_per_call": [
          1.649071928113699e-05,
          1.6419159946963192e-05,
          1.8258250784128904e-05,
          1.5063259052112699e-05,
          1.643107971176505e-05,
          1.3816419523209333e-05,
          1.3389070518314839e-05
        ]
      }
    },
    {
      "n": 64,
      "rust": {
        "median_s_per_call": 2.1164899226278065e-06,
        "samples_s_per_call": [
          2.3833499290049076e-06,
          2.210229868069291e-06,
          2.058770041912794e-06,
          2.081210259348154e-06,
          2.1164899226278065e-06,
          2.1003594156354667e-06,
          3.67287895642221e-06
        ]
      },
      "julia": {
        "median_s_per_call": 1.916422974318266e-05,
        "samples_s_per_call": [
          1.916422974318266e-05,
          1.666827010922134e-05,
          1.59345509018749e-05,
          2.2669309983029963e-05,
          2.6881269877776504e-05,
          2.4649539263918995e-05,
          1.2989889364689589e-05
        ]
      },
      "python": {
        "median_s_per_call": 2.287076902575791e-05,
        "samples_s_per_call": [
          1.4189820503816009e-05,
          1.711296965368092e-05,
          2.370910020545125e-05,
          3.061329945921898e-05,
          2.767089055851102e-05,
          2.287076902575791e-05,
          1.5639420598745347e-05
        ]
      }
    },
    {
      "n": 256,
      "rust": {
        "median_s_per_call": 6.680559599772096e-06,
        "samples_s_per_call": [
          7.623760029673576e-06,
          8.837319910526276e-06,
          6.7374901846051214e-06,
          6.433280650526285e-06,
          6.305340211838484e-06,
          6.680559599772096e-06,
          6.448050262406469e-06
        ]
      },
      "julia": {
        "median_s_per_call": 3.739619976840913e-05,
        "samples_s_per_call": [
          2.154237008653581e-05,
          3.251367947086692e-05,
          4.0113250724971296e-05,
          3.928543999791145e-05,
          3.166658920235932e-05,
          3.8341119652614e-05,
          3.739619976840913e-05
        ]
      },
      "python": {
        "median_s_per_call": 2.0385789684951306e-05,
        "samples_s_per_call": [
          4.476397996768355e-05,
          3.334000008180737e-05,
          1.9382699392735958e-05,
          2.0385789684951306e-05,
          2.0233209943398835e-05,
          2.0931370090693236e-05,
          1.9953990122303367e-05
        ]
      }
    },
    {
      "n": 1024,
      "rust": {
        "median_s_per_call": 2.293821074999869e-05,
        "samples_s_per_call": [
          2.900398918427527e-05,
          2.2116529289633037e-05,
          2.021869062446058e-05,
          2.450505970045924e-05,
          2.1987210493534805e-05,
          2.293821074999869e-05,
          3.0247539980337025e-05
        ]
      },
      "julia": {
        "median_s_per_call": 4.192327032797039e-05,
        "samples_s_per_call": [
          5.896999035030603e-05,
          4.153160029090941e-05,
          3.7625690456479785e-05,
          5.5099300807341935e-05,
          5.285251070745289e-05,
          4.192327032797039e-05,
          3.937872010283172e-05
        ]
      },
      "python": {
        "median_s_per_call": 4.4446729589253664e-05,
        "samples_s_per_call": [
          4.8681829357519744e-05,
          4.265754949301481e-05,
          4.425828927196562e-05,
          4.4446729589253664e-05,
          4.515217966400087e-05,
          4.703521961346269e-05,
          4.3872629757970574e-05
        ]
      }
    },
    {
      "n": 4096,
      "rust": {
        "median_s_per_call": 0.0001242442103102803,
        "samples_s_per_call": [
          0.00011303333914838731,
          0.0001242442103102803,
          0.00014573517022654415,
          0.00013553510070778428,
          0.00012653637095354496,
          0.00011669478961266577,
          0.00010441135033033789
        ]
      },
      "julia": {
        "median_s_per_call": 0.00028409252990968525,
        "samples_s_per_call": [
          0.00023341460968367755,
          0.00021018332918174565,
          0.00021406689076684416,
          0.00028409252990968525,
          0.00033277719980105756,
          0.0005067450203932822,
          0.00029456719988957047
        ]
      },
      "python": {
        "median_s_per_call": 0.00022740931948646902,
        "samples_s_per_call": [
          0.00023964295978657902,
          0.00020780183025635778,
          0.0001949151896405965,
          0.00019105043960735202,
          0.00022740931948646902,
          0.0002635593409650028,
          0.00022810859023593367
        ]
      }
    },
    {
      "n": 16384,
      "rust": {
        "median_s_per_call": 0.0006513746595010161,
        "samples_s_per_call": [
          0.0006513746595010161,
          0.0005910149798728525,
          0.000648092560004443,
          0.0005943290307186544,
          0.0006801587401423603,
          0.0007032967696432024,
          0.0006633106898516417
        ]
      },
      "julia": {
        "median_s_per_call": 0.0009040895698126405,
        "samples_s_per_call": [
          0.0011967679404187948,
          0.0010925173701252788,
          0.0009040895698126405,
          0.0008296751393936574,
          0.0009380901604890823,
          0.000719877949450165,
          0.0007730315602384508
        ]
      },
      "python": {
        "median_s_per_call": 0.0009025958797428757,