{
  "generated_at_utc": "2026-06-23T20:51:55+00:00",
  "runner": {
    "hostname": "aaarthuus",
    "platform": "Linux-6.17.0-35-generic-x86_64-with-glibc2.39",
    "python": "3.12.3",
    "cpu": {
      "model": "11th Gen Intel(R) Core(TM) i5-11600K @ 3.90GHz",
      "cores": "6"
    }
  },
  "parameters": {
    "repeats": 7,
    "inner_repeats": 50,
    "sizes": [
      4,
      16,
      64,
      256,
      1024,
      2048
    ],
    "coupling": "dense_symmetric_random",
    "frustration": 0.3
  },
  "sakaguchi_force": [
    {
      "n": 4,
      "rust": {
        "median_s_per_call": 1.3510789722204209e-06,
        "samples_s_per_call": [
          9.448528056964278e-05,
          1.3595609925687314e-06,
          1.3457797467708587e-06,
          1.3435794971883297e-06,
          1.458700280636549e-06,
          1.3510789722204209e-06,
          1.3499800115823745e-06
        ]
      },
      "julia": {
        "median_s_per_call": 1.6013619024306536e-05,
        "samples_s_per_call": [
          1.5528639778494835e-05,
          1.4564299490302802e-05,
          1.3654220383614302e-05,
          1.6328899655491113e-05,
          1.638381974771619e-05,
          1.6013619024306536e-05,
          1.716421917080879e-05
        ]
      },
      "python": {
        "median_s_per_call": 1.0074321180582046e-05,
        "samples_s_per_call": [
          1.055195927619934e-05,
          1.0074321180582046e-05,
          9.841660503298044e-06,
          9.42280050367117e-06,
          1.327435951679945e-05,
          1.0880399495363235e-05,
          8.749181870371103e-06
        ]
      }
    },
    {
      "n": 16,
      "rust": {
        "median_s_per_call": 3.1624804250895977e-06,
        "samples_s_per_call": [
          3.634260501712561e-06,
          3.1672208569943906e-06,
          3.1275791116058827e-06,
          3.4109805710613726e-06,
          3.10257775709033e-06,
          3.1269784085452558e-06,
          3.1624804250895977e-06
        ]
      },
      "julia": {
        "median_s_per_call": 1.587378093972802e-05,
        "samples_s_per_call": [
          2.419102005660534e-05,
          1.5318701043725015e-05,
          1.4818059280514718e-05,
          1.535414019599557e-05,
          1.6595679335296153e-05,
          1.587378093972802e-05,
          1.744885928928852e-05
        ]
      },
      "python": {
        "median_s_per_call": 9.424281306564809e-06,
        "samples_s_per_call": [
          1.1654021218419075e-05,
          9.927940554916859e-06,
          8.008340373635292e-06,
          8.653181139379739e-06,
          9.424281306564809e-06,
          9.558678139001131e-06,
          8.752821013331414e-06
        ]
      }
    },
    {
      "n": 64,
      "rust": {
        "median_s_per_call": 3.804478095844388e-05,
        "samples_s_per_call": [
          3.981916001066565e-05,
          3.813646035268903e-05,
          3.804478095844388e-05,
          4.059027880430222e-05,
          3.758479841053486e-05,
          3.3933219965547325e-05,
          3.687146119773388e-05
        ]
      },
      "julia": {
        "median_s_per_call": 4.7099241055548194e-05,
        "samples_s_per_call": [
          6.837336113676428e-05,
          4.7053080052137375e-05,
          4.863213980570436e-05,
          4.7099241055548194e-05,
          5.541764199733734e-05,
          4.0700819808989764e-05,
          4.258051980286837e-05
        ]
      },
      "python": {
        "median_s_per_call": 4.6911120880395176e-05,
        "samples_s_per_call": [
          4.543084185570479e-05,
          3.9773338939994574e-05,
          4.533977946266532e-05,
          4.6911120880395176e-05,
          5.485201952978969e-05,
          5.454292055219412e-05,
          5.1708659157156944e-05
        ]
      }
    },
    {
      "n": 256,
      "rust": {
        "median_s_per_call": 0.0009070244594477117,
        "samples_s_per_call": [
          0.0009457583585754037,
          0.0009214530815370381,
          0.0008956175995990634,
          0.0009189401986077428,
          0.00089566629845649,
          0.0008819556189700961,
          0.0009070244594477117
        ]
      },
      "julia": {
        "median_s_per_call": 0.0006477475608699023,
        "samples_s_per_call": [
          0.0007059149211272597,
          0.0006445310590788722,
          0.0006444361805915832,
          0.0006477475608699023,
          0.0006456453003920615,
          0.0006785049405880272,
          0.000727691138163209
        ]
      },
      "python": {
        "median_s_per_call": 0.0011059934413060546,
        "samples_s_per_call": [
          0.0010511559806764125,
          0.0010534959798678756,
          0.0010218176408670842,
          0.001129618959967047,
          0.0012760154786519706,
          0.0012084899190813302,
          0.0011059934413060546
        ]
      }
    },
    {
      "n": 1024,
      "rust": {
        "median_s_per_call": 0.016255019837990402,
        "samples_s_per_call": [
          0.0169989065406844,
          0.01614440623903647,
          0.015732866700273008,
          0.0167582770017907,
          0.016255019837990402,
          0.016195943858474494,
          0.01704042758094147
        ]
      },
      "julia": {
        "median_s_per_call": 0.013503562859259546,
        "samples_s_per_call": [
          0.013835824059788138,
          0.013790870821103453,
          0.013005932001397014,
          0.013503562859259546,
          0.013107650859747083,
          0.013054289701394738,
          0.014794629060197621
        ]
      },
      "python": {
        "median_s_per_call": 0.0215951276011765,
        "samples_s_per_call": [
          0.02422613522037864,
          0.023072339599020778,
          0.021473202861379832,
          0.021475748519878834,
          0.02241027990123257,
          0.0215951276011765,
          0.021103272561449556
        ]
      }
    },
    {
      "n": 2048,
      "rust": {
        "median_s_per_call": 0.06621614908101037,
        "samples_s_per_call": [
          0.06625016130041331,
          0.06690278084017337,
          0.06652006134158,
          0.06621614908101037,
          0.06474895588122308,
          0.06454411552054808,
          0.06539526025997475
        ]
      },
      "julia": {
        "median_s_per_call": 0.059439558319281785,
        "samples_s_per_call": [
          0.059661477038171144,
          0.061556489979848264,
          0.059439558319281785,
          0.059119179919362067,
          0.062480108619201925,
          0.059165678659919646,
          0.05874809688189998
        ]
      },
      "python": {
        "median_s_per_call": 0.09219517227960751,
        "samples_s_per_call": [
          0.09474790604086593,
          0.08981447757920251,
          0.09347167687956244,
          0.0920690445206128,
          0.09112819813890383,
          0.09219517227960751,
          0.09296625619987026
        ]
      }
    }
  ],
  "sakaguchi_jacobian": [
    {
      "n": 4,
      "rust": {
        "median_s_per_call": 2.453699707984924e-06,
        "samples_s_per_call": [
          4.1660200804471966e-06,
          1.926040276885033e-06,
          2.453699707984924e-06,
          2.5395001284778117e-06,
          2.986120525747538e-06,
          1.7065601423382759e-06,
          1.57299917191267e-06
        ]
      },
      "julia": {
        "median_s_per_call": 1.7183180898427963e-05,
        "samples_s_per_call": [
          3.183478023856878e-05,
          1.8640360794961454e-05,
          1.358595909550786e-05,
          1.8796019721776246e-05,
          1.2760639656335115e-05,
          1.7183180898427963e-05,
          1.3603621628135443e-05
        ]
      },
      "python": {
        "median_s_per_call": 6.667980924248695e-06,