{
  "generated_at_utc": "2026-06-24T06:08:29+00:00",
  "runner": {
    "hostname": "aaarthuus",
    "platform": "Linux-6.17.0-35-generic-x86_64-with-glibc2.39",
    "python": "3.12.3",
    "cpu": {
      "model": "11th Gen Intel(R) Core(TM) i5-11600K @ 3.90GHz",
      "cores": "6"
    }
  },
  "parameters": {
    "repeats": 7,
    "inner_repeats": 100,
    "sizes": [
      4,
      16,
      64,
      256,
      1024,
      2048
    ],
    "coupling": 1.0
  },
  "sakaguchi_mean_field_force": [
    {
      "n": 4,
      "rust": {
        "median_s_per_call": 1.0118691716343164e-06,
        "samples_s_per_call": [
          1.750717987306416e-05,
          1.026199897751212e-06,
          1.0118691716343164e-06,
          1.0007002856582404e-06,
          1.0545400436967612e-06,
          1.0034197475761175e-06,
          9.995908476412296e-07
        ]
      },
      "julia": {
        "median_s_per_call": 9.652440203353763e-06,
        "samples_s_per_call": [
          1.0728550842031837e-05,
          8.80184001289308e-06,
          9.900860022753478e-06,
          9.652440203353763e-06,
          1.1482550762593746e-05,
          9.058439172804355e-06,
          9.270580485463142e-06
        ]
      },
      "python": {
        "median_s_per_call": 1.4284609351307154e-05,
        "samples_s_per_call": [
          1.4284609351307154e-05,
          1.3372129760682583e-05,
          1.3414659770205617e-05,
          1.4402249362319708e-05,
          1.6447319649159908e-05,
          1.6704630106687545e-05,
          1.332078012637794e-05
        ]
      }
    },
    {
      "n": 16,
      "rust": {
        "median_s_per_call": 1.2146797962486744e-06,
        "samples_s_per_call": [
          1.8310698214918376e-06,
          1.2159510515630246e-06,
          1.211579656228423e-06,
          1.253149239346385e-06,
          1.2146797962486744e-06,
          1.206949818879366e-06,
          1.2115889694541692e-06
        ]
      },
      "julia": {
        "median_s_per_call": 1.1859890073537826e-05,
        "samples_s_per_call": [
          1.0080490028485656e-05,
          1.1859890073537826e-05,
          1.8981959437951447e-05,
          1.7588780028745532e-05,
          1.6976090846583248e-05,
          1.1370209977030754e-05,
          9.730090387165546e-06
        ]
      },
      "python": {
        "median_s_per_call": 1.4940659748390316e-05,
        "samples_s_per_call": [
          1.4940659748390316e-05,
          1.3945510145276785e-05,
          1.4948080061003566e-05,
          1.3843410415574909e-05,
          1.3866069493815303e-05,
          1.5263230307027697e-05,
          1.7288669478148223e-05
        ]
      }
    },
    {
      "n": 64,
      "rust": {
        "median_s_per_call": 2.182519529014826e-06,
        "samples_s_per_call": [
          2.9154506046324967e-06,
          2.3349490948021413e-06,
          2.182519529014826e-06,
          2.1795195061713457e-06,
          2.160239964723587e-06,
          2.2620195522904394e-06,
          2.1264201495796444e-06
        ]
      },
      "julia": {
        "median_s_per_call": 1.3139699585735798e-05,
        "samples_s_per_call": [
          1.6375409904867412e-05,
          1.708685071207583e-05,
          1.4057609951123595e-05,
          1.3139699585735798e-05,
          1.1159410933032632e-05,
          1.1325760278850793e-05,
          1.0720170103013515e-05
        ]
      },
      "python": {
        "median_s_per_call": 1.5805980656296014e-05,
        "samples_s_per_call": [
          1.6745680477470158e-05,
          1.5394899528473615e-05,
          1.5978820156306027e-05,
          1.641892013140023e-05,
          1.5538899460807443e-05,
          1.5805980656296014e-05,
          1.5229820273816586e-05
        ]
      }
    },
    {
      "n": 256,
      "rust": {
        "median_s_per_call": 5.677420413121581e-06,
        "samples_s_per_call": [
          5.677420413121581e-06,
          5.265639629215002e-06,
          5.557399708777666e-06,
          5.249580135568977e-06,
          6.611369317397476e-06,
          6.257289787754416e-06,
          5.856940988451242e-06
        ]
      },
      "julia": {
        "median_s_per_call": 1.6092821024358272e-05,
        "samples_s_per_call": [
          1.6496030148118735e-05,
          1.5386129962280393e-05,
          1.6181939281523226e-05,
          1.6092821024358272e-05,
          1.629204023629427e-05,
          1.4955640072003007e-05,
          1.5479510184377433e-05
        ]
      },
      "python": {
        "median_s_per_call": 2.107519074343145e-05,
        "samples_s_per_call": [
          7.43635999970138e-05,
          2.0328829996287824e-05,
          1.988808042369783e-05,
          2.1580500761047005e-05,
          2.171217929571867e-05,
          2.0390439312905074e-05,
          2.107519074343145e-05
        ]
      }
    },
    {
      "n": 1024,
      "rust": {
        "median_s_per_call": 2.041684929281473e-05,
        "samples_s_per_call": [
          2.459353068843484e-05,
          2.2329119965434074e-05,
          2.041684929281473e-05,
          2.011012053117156e-05,
          2.1022959845140577e-05,
          1.9119990756735206e-05,
          1.865803962573409e-05
        ]
      },
      "julia": {
        "median_s_per_call": 3.626583958975971e-05,
        "samples_s_per_call": [
          3.7423959001898764e-05,
          3.626583958975971e-05,
          3.805393003858626e-05,
          3.618969931267202e-05,
          3.550758003257215e-05,
          4.018664942122996e-05,
          3.44604707788676e-05
        ]
      },
      "python": {
        "median_s_per_call": 4.455688991583884e-05,
        "samples_s_per_call": [
          5.003296071663499e-05,
          4.3227430433034895e-05,
          4.2582659516483546e-05,
          5.4756520548835396e-05,
          4.6008799690753223e-05,
          4.374980926513672e-05,
          4.455688991583884e-05
        ]
      }
    },
    {
      "n": 2048,
      "rust": {
        "median_s_per_call": 3.8960640085861084e-05,
        "samples_s_per_call": [
          4.253603052347898e-05,
          3.696931060403586e-05,
          4.2976060649380086e-05,
          4.158688941970467e-05,
          3.802508930675686e-05,
          3.766885958611965e-05,
          3.8960640085861084e-05
        ]
      },
      "julia": {
        "median_s_per_call": 7.527385023422539e-05,
        "samples_s_per_call": [
          6.832626997493207e-05,
          8.467068895697594e-05,
          0.00024510583956725894,
          7.527385023422539e-05,
          7.444777060300112e-05,
          7.468924974091351e-05,
          8.212918997742236e-05
        ]
      },
      "python": {
        "median_s_per_call": 9.230240015313029e-05,
        "samples_s_per_call": [
          7.509652990847826e-05,
          7.533616968430579e-05,
          6.894071004353463e-05,
          0.00010147848050110042,
          9.28682996891439e-05,
          9.230240015313029e-05,
          0.00011783346068114042
        ]
      }
    }
  ],
  "sakaguchi_mean_field_jacobian": [
    {
      "n": 4,
      "rust": {
        "median_s_per_call": 1.2946501374244689e-06,
        "samples_s_per_call": [
          2.267450327053666e-06,
          1.2529909145087004e-06,
          1.238130498677492e-06,
          1.227190950885415e-06,
          1.2946501374244689e-06,
          1.3857102021574974e-06,
          1.2990494724363089e-06
        ]
      },
      "julia": {
        "median_s_per_call": 1.1075478978455067e-05,
        "samples_s_per_call": [
          1.1055649956688285e-05,
          1.2375700753182174e-05,
          1.4133319491520523e-05,
          1.1516070226207375e-05,
          1.1075478978455067e-05,
          1.1070279870182275e-05,
          9.188730036839842e-06
        ]
      },
      "python": {
        "median_s_per_call": 1.6788620268926024e-05,