{
  "generated_at_utc": "2026-06-24T06:25:27+00:00",
  "runner": {
    "hostname": "aaarthuus",
    "platform": "Linux-6.17.0-35-generic-x86_64-with-glibc2.39",
    "python": "3.12.3",
    "cpu": {
      "model": "11th Gen Intel(R) Core(TM) i5-11600K @ 3.90GHz",
      "cores": "6"
    }
  },
  "parameters": {
    "repeats": 7,
    "inner_repeats": 100,
    "sizes": [
      4,
      16,
      64,
      256,
      1024,
      2048
    ],
    "coupling": 1.0
  },
  "triadic_mean_field_force": [
    {
      "n": 4,
      "rust": {
        "median_s_per_call": 1.9387993961572647e-06,
        "samples_s_per_call": [
          1.779173966497183e-05,
          1.9387993961572647e-06,
          2.129180356860161e-06,
          1.990729942917824e-06,
          1.8734997138381004e-06,
          1.8450699280947448e-06,
          1.8995907157659531e-06
        ]
      },
      "julia": {
        "median_s_per_call": 9.440029971301556e-06,
        "samples_s_per_call": [
          1.1566509492695331e-05,
          9.318030206486583e-06,
          1.0200500255450607e-05,
          9.440029971301556e-06,
          1.019751070998609e-05,
          9.208280825987458e-06,
          9.284629486501217e-06
        ]
      },
      "python": {
        "median_s_per_call": 1.0737179545685649e-05,
        "samples_s_per_call": [
          1.4660879969596863e-05,
          1.0584020055830478e-05,
          1.0667709866538643e-05,
          1.0718309786170721e-05,
          1.0737179545685649e-05,
          1.0786959901452064e-05,
          1.18649797514081e-05
        ]
      }
    },
    {
      "n": 16,
      "rust": {
        "median_s_per_call": 1.351300161331892e-06,
        "samples_s_per_call": [
          1.4982803259044885e-06,
          1.2947991490364074e-06,
          1.377570442855358e-06,
          1.351300161331892e-06,
          1.3107794802635908e-06,
          1.3453396968543529e-06,
          1.3696099631488324e-06
        ]
      },
      "julia": {
        "median_s_per_call": 1.450145966373384e-05,
        "samples_s_per_call": [
          1.336600980721414e-05,
          1.461316947825253e-05,
          1.5174030559137463e-05,
          1.450145966373384e-05,
          1.4750959817320108e-05,
          1.3642819831147789e-05,
          1.142372959293425e-05
        ]
      },
      "python": {
        "median_s_per_call": 1.2814970687031745e-05,
        "samples_s_per_call": [
          1.3529800344258548e-05,
          1.2059540022164584e-05,
          1.521285972557962e-05,
          2.1349230082705616e-05,
          1.1700830655172467e-05,
          1.2814970687031745e-05,
          1.2196740135550499e-05
        ]
      }
    },
    {
      "n": 64,
      "rust": {
        "median_s_per_call": 2.254219725728035e-06,
        "samples_s_per_call": [
          2.4748302530497314e-06,
          2.254219725728035e-06,
          2.3268896620720627e-06,
          2.2430194076150655e-06,
          2.2447702940553427e-06,
          2.2533198352903126e-06,
          2.3064902052283285e-06
        ]
      },
      "julia": {
        "median_s_per_call": 1.0919380001723766e-05,
        "samples_s_per_call": [
          1.1838360223919154e-05,
          1.0927979601547123e-05,
          1.1029309825971723e-05,
          1.0794260306283832e-05,
          1.0756859555840492e-05,
          1.061241957359016e-05,
          1.0919380001723766e-05
        ]
      },
      "python": {
        "median_s_per_call": 1.3398390728980303e-05,
        "samples_s_per_call": [
          1.3398390728980303e-05,
          2.1086720516905187e-05,
          2.0426579285413028e-05,
          1.4339140616357326e-05,
          1.2364069698378444e-05,
          1.2399590341374278e-05,
          1.2084560003131628e-05
        ]
      }
    },
    {
      "n": 256,
      "rust": {
        "median_s_per_call": 5.9453991707414385e-06,
        "samples_s_per_call": [
          6.2299997080117465e-06,
          5.742330104112625e-06,
          5.866129649803042e-06,
          5.960880080237985e-06,
          6.230809958651662e-06,
          5.9453991707414385e-06,
          5.868090083822608e-06
        ]
      },
      "julia": {
        "median_s_per_call": 1.629177015274763e-05,
        "samples_s_per_call": [
          1.629177015274763e-05,
          1.630111946724355e-05,
          1.7325710505247116e-05,
          1.7519129905849694e-05,
          1.5122599434107542e-05,
          1.5158819733187557e-05,
          1.612281077541411e-05
        ]
      },
      "python": {
        "median_s_per_call": 1.9345859764143826e-05,
        "samples_s_per_call": [
          2.3223190801218152e-05,
          1.9345859764143826e-05,
          1.8068040953949095e-05,
          1.9889780087396503e-05,
          2.3695930140092968e-05,
          1.7353559378534556e-05,
          1.7883089603856207e-05
        ]
      }
    },
    {
      "n": 1024,
      "rust": {
        "median_s_per_call": 2.2813319228589536e-05,
        "samples_s_per_call": [
          2.526047988794744e-05,
          2.931906026788056e-05,
          2.4416520027443766e-05,
          2.2813319228589536e-05,
          2.168435021303594e-05,
          2.039658953435719e-05,
          2.0621719304472208e-05
        ]
      },
      "julia": {
        "median_s_per_call": 4.170204978436232e-05,
        "samples_s_per_call": [
          3.6698479671031234e-05,
          3.319918061606586e-05,
          4.483469994738698e-05,
          0.00021204978926107288,
          4.35480591841042e-05,
          4.170204978436232e-05,
          4.123896942473948e-05
        ]
      },
      "python": {
        "median_s_per_call": 4.544732044450939e-05,
        "samples_s_per_call": [
          4.7284560278058055e-05,
          4.267130978405476e-05,
          3.797939047217369e-05,
          5.018474999815225e-05,
          4.201655043289065e-05,
          4.544732044450939e-05,
          4.63648303411901e-05
        ]
      }
    },
    {
      "n": 2048,
      "rust": {
        "median_s_per_call": 4.1426200186833737e-05,
        "samples_s_per_call": [
          4.262777976691723e-05,
          4.006950999610126e-05,
          4.1426200186833737e-05,
          4.0115040028467775e-05,
          4.507462028414011e-05,
          4.5375709887593985e-05,
          4.01287293061614e-05
        ]
      },
      "julia": {
        "median_s_per_call": 8.032047073356807e-05,
        "samples_s_per_call": [
          6.694406969472767e-05,
          7.336745969951153e-05,
          9.328954038210214e-05,
          7.296095951460302e-05,
          8.108736015856266e-05,
          8.032047073356807e-05,
          8.741107070818543e-05
        ]
      },
      "python": {
        "median_s_per_call": 9.50797600671649e-05,
        "samples_s_per_call": [
          9.318029042333364e-05,
          0.00011083440040238202,
          9.382111951708794e-05,
          9.50797600671649e-05,
          0.00010375377023592591,
          9.236410027369856e-05,
          0.00011247158981859684
        ]
      }
    }
  ],
  "triadic_mean_field_jacobian": [
    {
      "n": 4,
      "rust": {
        "median_s_per_call": 1.3082707300782203e-06,
        "samples_s_per_call": [
          3.7303892895579337e-06,
          1.2868898920714854e-06,
          1.4329596888273955e-06,
          1.2950401287525892e-06,
          1.2880493886768818e-06,
          1.3082707300782203e-06,
          1.3147492427378894e-06
        ]
      },
      "julia": {
        "median_s_per_call": 1.1747420066967607e-05,
        "samples_s_per_call": [
          1.2173730647191406e-05,
          1.1747420066967607e-05,
          1.1615849798545241e-05,
          1.0085960384458304e-05,
          1.0239420225843787e-05,
          1.1767690302804113e-05,
          1.2521540047600866e-05
        ]
      },
      "python": {
        "median_s_per_call": 1.946834032423794e-05,