{
  "diag_16q": {
    "ground_energy": -28.369424048427977,
    "spectral_gap": 0.0646988803289652,
    "time_s": 19.32
  },
  "evo_2q_dt0.1": {
    "R": 0.7315547411122074,
    "path": "dense",
    "time_s": 0.0
  },
  "evo_4q_dt0.1": {
    "R": 0.7952928318152384,
    "path": "dense",
    "time_s": 0.0
  },
  "evo_6q_dt0.1": {
    "R": 0.5443559200364484,
    "path": "dense",
    "time_s": 0.03
  },
  "evo_8q_dt0.1": {
    "R": 0.585423130300379,
    "path": "dense",
    "time_s": 0.24
  },
  "evo_10q_dt0.1": {
    "R": 0.6408746968839728,
    "path": "dense",
    "time_s": 0.39
  },
  "evo_12q_dt0.1": {
    "R": 0.5633489738526578,
    "path": "dense",
    "time_s": 7.11
  },
  "evo_14q_dt0.1": {
    "R": 0.6072086443238214,
    "path": "sparse",
    "time_s": 29.05
  },
  "evo_16q_dt0.1": {
    "R": 0.5987191459285381,
    "time_s": 527.25
  },
  "evo_16q_dt0.01": {
    "R": 0.6147898542872064,
    "time_s": 530.24
  },
  "evo_16q_dt0.02": {
    "R": 0.6142956927411021,
    "time_s": 532.35
  },
  "evo_16q_dt0.05": {
    "R": 0.6108492060447289,
    "time_s": 531.2
  },
  "evo_16q_dt0.2": {
    "R": 0.5528856609378291,
    "time_s": 529.54
  },
  "evo_16q_8step_dt0.05": {
    "R_trajectory": [
      0.614954675410003,
      0.6108492060447289,
      0.598719145928538,
      0.579109668260317,
      0.5528856609378291,
      0.5211743530489842,
      0.48529964565972245,
      0.4467189225618008,
      0.4069713156131451
    ],
    "times": [
      0.0,
      0.05,
      0.1,
      0.15000000000000002,
      0.2,
      0.25,
      0.30000000000000004,
      0.35000000000000003,
      0.4
    ],
    "time_s": 524.68
  },
  "diag_2q": {
    "ground_energy": -3.939,
    "spectral_gap": 2.5227454324875067,
    "time_s": 0.0
  },
  "diag_4q": {
    "ground_energy": -6.303000000000001,
    "spectral_gap": 1.131746751491428,
    "time_s": 0.0
  },
  "diag_6q": {
    "ground_energy": -10.793000000000001,
    "spectral_gap": 0.44680698530075524,
    "time_s": 0.54
  },
  "diag_8q": {
    "ground_energy": -12.75572460640126,
    "spectral_gap": 0.28272460640125985,
    "time_s": 0.06
  },
  "diag_10q": {
    "ground_energy": -17.009187520707613,
    "spectral_gap": 0.26858975558857523,
    "time_s": 0.1
  },
  "diag_12q": {
    "ground_energy": -21.25968107600197,
    "spectral_gap": 0.19356903798420433,
    "time_s": 1.48
  },
  "diag_14q": {
    "ground_energy": -24.15508173902817,
    "spectral_gap": 0.16593410067989822,
    "time_s": 1.32
  }
}