{
  "backend": "ibm_fez",
  "experiment": "kuramoto_12osc",
  "job_id": "d6h3fae48nic73amhgog",
  "n_qubits": 12,
  "t": 0.1,
  "trotter_steps": 1,
  "shots": 20000,
  "hw_R": 0.35737771267090634,
  "classical_kuramoto_R": 0.5612778388314303,
  "exact_quantum_R": 0.5644494515927067,
  "exp_x": [
    0.5444,
    0.2985,
    0.2018,
    0.6176,
    0.4398,
    -0.2857,
    0.5976,
    0.5572,
    0.3475,
    0.4964,
    0.3724,
    -0.2211
  ],
  "exp_y": [
    -0.2116,
    -0.244,
    -0.0222,
    -0.2283,
    -0.1936,
    0.2504,
    -0.2035,
    -0.1824,
    -0.3734,
    -0.2259,
    -0.0891,
    0.0929
  ],
  "exp_z": [
    0.3509,
    -0.5586,
    0.6565,
    0.0072,
    0.4843,
    -0.5211,
    0.4743,
    0.5439,
    -0.4287,
    -0.1175,
    0.548,
    -0.5739
  ],
  "metadata": {
    "depth": 469,
    "n_qubits": 156,
    "ecr_gates": 0,
    "total_gates": 1423
  }
}