{
  "backend": "ibm_fez",
  "experiment": "kuramoto_4osc_trotter_refinement",
  "job_id": "ibm-run-877758ce3849440e",
  "n_qubits": 4,
  "results": [
    {
      "depth": 290,
      "exact_R": 0.801509023084279,
      "hw_R": 0.625174528131945,
      "t": 0.1,
      "trotter_reps": 4
    },
    {
      "depth": 292,
      "exact_R": 0.7883224715007977,
      "hw_R": 0.5577557944566779,
      "t": 0.2,
      "trotter_reps": 4
    }
  ],
  "shots": 20000
}
