{
  "backend": "ibm_fez",
  "exact_R": 0.6417404208606677,
  "experiment": "kuramoto_10osc",
  "hw_R": 0.4223651478282743,
  "job_id": "ibm-run-787c5eae210e1fa7",
  "metadata": {
    "depth": 395,
    "ecr_gates": 0,
    "n_qubits": 156,
    "total_gates": 1007
  },
  "n_qubits": 10,
  "shots": 20000,
  "t": 0.1
}
