{
  "backend": "ibm_fez",
  "experiment": "upde_16_snapshot",
  "job_id": "d6h392n3o3rs73cagfqg",
  "n_qubits": 16,
  "dt": 0.05,
  "trotter_steps": 1,
  "shots": 20000,
  "hw_R": 0.3321164650060653,
  "classical_kuramoto_R": 0.6154286131026986,
  "exp_x": [
    0.3867,
    0.1865,
    0.5513,
    0.5871,
    0.3661,
    -0.2031,
    0.322,
    0.4292,
    0.3211,
    0.6403,
    0.186,
    0.0199,
    0.3539,
    0.4479,
    0.2306,
    0.441
  ],
  "exp_y": [
    0.1263,
    0.4214,
    -0.047,
    0.0507,
    -0.0367,
    0.189,
    -0.101,
    0.1205,
    0.05,
    -0.2438,
    0.1382,
    0.0098,
    -0.2213,
    0.2772,
    -0.0655,
    0.0401
  ],
  "exp_z": [
    0.1257,
    -0.0159,
    -0.0573,
    0.022,
    0.22,
    -0.2562,
    0.328,
    0.3504,
    -0.3061,
    -0.0395,
    0.4301,
    -0.424,
    0.2016,
    -0.0407,
    -0.4055,
    0.2754
  ],
  "metadata": {
    "depth": 770,
    "n_qubits": 156,
    "ecr_gates": 0,
    "total_gates": 2680
  }
}