{
  "backend": "ibm_fez",
  "experiment": "upde_16_t0.1",
  "job_id": "d6h3e2f3o3rs73caglmg",
  "n_qubits": 16,
  "dt": 0.1,
  "trotter_steps": 2,
  "shots": 20000,
  "hw_R": 0.1527614329293392,
  "classical_kuramoto_R": 0.6133827864894942,
  "exp_x": [
    0.332,
    0.0658,
    0.0984,
    0.2292,
    0.0559,
    -0.0768,
    0.2773,
    0.2458,
    0.1117,
    0.1083,
    0.2831,
    -0.0236,
    0.243,
    0.2213,
    -0.0066,
    0.1899
  ],
  "exp_y": [
    0.1126,
    -0.0553,
    0.1563,
    0.0957,
    0.1012,
    0.1888,
    0.0762,
    0.0245,
    -0.0344,
    -0.0388,
    0.0574,
    0.0493,
    0.0349,
    -0.1176,
    -0.0269,
    0.0314
  ],
  "exp_z": [
    0.1012,
    -0.0848,
    0.2158,
    0.2997,
    0.2668,
    -0.1016,
    0.2243,
    0.0742,
    -0.1316,
    0.0282,
    0.2694,
    -0.1107,
    0.0861,
    0.0133,
    -0.261,
    0.1313
  ],
  "metadata": {
    "depth": 1033,
    "n_qubits": 156,
    "ecr_gates": 0,
    "total_gates": 6077
  }
}