{
  "n4": {
    "K_base": [
      0.5,
      0.8947368421052632,
      1.2894736842105263,
      1.6842105263157894,
      2.0789473684210527,
      2.473684210526316,
      2.8684210526315788,
      3.263157894736842,
      3.6578947368421053,
      4.052631578947368,
      4.447368421052632,
      4.842105263157895,
      5.2368421052631575,
      5.631578947368421,
      6.026315789473684,
      6.421052631578948,
      6.815789473684211,
      7.2105263157894735,
      7.605263157894737,
      8.0
    ],
    "magic_M2": [
      -0.0,
      1.2304379991338732,
      1.354630888273123,
      1.4228261303722551,
      1.4615955168028818,
      1.484966773956487,
      0.9155905619038398,
      0.8999504493546083,
      0.8888122971987942,
      0.8806211820080635,
      0.8744320565421514,
      0.8696469963903134,
      0.8658740734667503,
      0.8628483117190943,
      0.8603856459392302,
      0.8583551349661648,
      0.8566616495014661,
      0.8552347745351787,
      0.854021511811258,
      0.8529813699730865
    ],
    "M2_max": 1.485,
    "K_at_max": 2.474
  },
  "n6": {
    "K_base": [
      0.5,
      0.8947368421052632,
      1.2894736842105263,
      1.6842105263157894,
      2.0789473684210527,
      2.473684210526316,
      2.8684210526315788,
      3.263157894736842,
      3.6578947368421053,
      4.052631578947368,
      4.447368421052632,
      4.842105263157895,
      5.2368421052631575,
      5.631578947368421,
      6.026315789473684,
      6.421052631578948,
      6.815789473684211,
      7.2105263157894735,
      7.605263157894737,
      8.0
    ],
    "magic_M2": [
      -0.0,
      1.951114345830632,
      2.236266893393497,
      2.3204560697379617,
      2.371144890616124,
      2.4029241155385983,
      2.4237785102719998,
      2.4380471559737313,
      2.4481706054475167,
      1.7585515057613395,
      1.743697201225969,
      1.732098727036052,
      1.722883697352749,
      1.7154491515602377,
      1.7093690772171704,
      1.7043363420260196,
      1.7001254104789452,
      1.6965678766306582,
      1.693536070906317,
      1.6909318616071605
    ],
    "M2_max": 2.4482,
    "K_at_max": 3.658
  },
  "n8": {
    "K_base": [
      0.5,
      0.8947368421052632,
      1.2894736842105263,
      1.6842105263157894,
      2.0789473684210527,
      2.473684210526316,
      2.8684210526315788,
      3.263157894736842,
      3.6578947368421053,
      4.052631578947368,
      4.447368421052632,
      4.842105263157895,
      5.2368421052631575,
      5.631578947368421,
      6.026315789473684,
      6.421052631578948,
      6.815789473684211,
      7.2105263157894735,
      7.605263157894737,
      8.0
    ],
    "magic_M2": [
      2.4732525244883297,
      3.4156240465119208,
      3.1588291078905115,
      3.188737821497679,
      3.2010848162303405,
      3.2065675280030765,
      3.2091371128637807,
      3.210376104582457,
      2.4670872460223596,
      2.453713175733142,
      2.443622536612287,
      2.4358294373607103,
      2.429689759296513,
      2.424769074577888,
      2.4207661619101444,
      2.41746704349941,
      2.414716440570918,
      2.412399521295708,
      2.410429922398984,
      2.408741702896797
    ],
    "M2_max": 3.4156,
    "K_at_max": 0.895
  }
}