{
  "n4": {
    "K_base": [
      0.5,
      0.8947368421052632,
      1.2894736842105263,
      1.6842105263157894,
      2.0789473684210527,
      2.473684210526316,
      2.8684210526315788,
      3.263157894736842,
      3.6578947368421053,
      4.052631578947368,
      4.447368421052632,
      4.842105263157895,
      5.2368421052631575,
      5.631578947368421,
      6.026315789473684,
      6.421052631578948,
      6.815789473684211,
      7.2105263157894735,
      7.605263157894737,
      8.0
    ],
    "level_spacing_ratio": [
      0.4260837565198112,
      0.4042541633114816,
      0.3780616095582837,
      0.31986897895706046,
      0.5026671197351141,
      0.41037553776724073,
      0.30158630758480404,
      0.26869537193610443,
      0.3635708537366068,
      0.4122000564605036,
      0.3351120878814044,
      0.3665638398646451,
      0.44674486105157485,
      0.5075090202579464,
      0.4852818836257238,
      0.4929982247417149,
      0.4592614234686118,
      0.45202406011533675,
      0.48889949917118536,
      0.5137158031882523
    ],
    "chaos_onset_K": 2.0789473684210527,
    "spectral_gaps": [
      1.0165687684266,
      0.030047467143771378,
      1.1869368421023818,
      1.2385018086212032,
      0.8280441490104522,
      0.4132652376538797,
      0.004017382137476488,
      0.42285896219693875,
      0.8427282115020702,
      1.263306594345849,
      1.684392872875808,
      2.105854293706063,
      2.527600052969209,
      2.9495661060362863,
      3.371706079403367,
      3.793985623071677,
      4.216378783424982,
      4.638865605640998,
      5.06143050806666,
      5.484061154869419
    ]
  },
  "n6": {
    "K_base": [
      0.5,
      0.8947368421052632,
      1.2894736842105263,
      1.6842105263157894,
      2.0789473684210527,
      2.473684210526316,
      2.8684210526315788,
      3.263157894736842,
      3.6578947368421053,
      4.052631578947368,
      4.447368421052632,
      4.842105263157895,
      5.2368421052631575,
      5.631578947368421,
      6.026315789473684,
      6.421052631578948,
      6.815789473684211,
      7.2105263157894735,
      7.605263157894737,
      8.0
    ],
    "level_spacing_ratio": [
      0.39887713107260037,
      0.38497742900476806,
      0.3247016467845249,
      0.37830852657162234,
      0.35696548677748285,
      0.45772365126892794,
      0.39074538184058716,
      0.38579102156252104,
      0.3761470684207181,
      0.3965504102920105,
      0.3632985410706239,
      0.39071593474552874,
      0.3449305537684211,
      0.35864300693014856,
      0.40581011872633826,
      0.3897777727764363,
      0.43475188711329016,
      0.39862465379127326,
      0.3907745945864921,
      0.4716569652630731
    ],
    "chaos_onset_K": 8.0,
    "spectral_gaps": [
      0.27055882372157036,
      0.5587446225503641,
      0.4187878299895651,
      1.4516143057085387,
      1.5075077123804945,
      1.1611253043935577,
      0.8063155961647226,
      0.44620570554465644,
      0.08258235455504348,
      0.2834723383599709,
      0.651270365068271,
      1.0203560868333241,
      1.39041715167469,
      1.7612330184359521,
      2.132643952689648,
      2.5045316677869778,
      2.8768068500112207,
      3.2494008934921226,
      3.622260287818648,
      3.995342722403606
    ]
  },
  "n8": {
    "K_base": [
      0.5,
      0.8947368421052632,
      1.2894736842105263,
      1.6842105263157894,
      2.0789473684210527,
      2.473684210526316,
      2.8684210526315788,
      3.263157894736842,
      3.6578947368421053,
      4.052631578947368,
      4.447368421052632,
      4.842105263157895,
      5.2368421052631575,
      5.631578947368421,
      6.026315789473684,
      6.421052631578948,
      6.815789473684211,
      7.2105263157894735,
      7.605263157894737,
      8.0
    ],
    "level_spacing_ratio": [
      0.38884959322588897,
      0.41873792103634816,
      0.3713165454019958,
      0.3911004170021683,
      0.41467386650646804,
      0.410719467132706,
      0.39862988095896335,
      0.417503630004216,
      0.37744147244446974,
      0.34209435860830134,
      0.41648187254140273,
      0.4016740521257053,
      0.38704439207128993,
      0.4279655420629135,
      0.4073161548206505,
      0.3910432142078001,
      0.3879378603044494,
      0.4147356634944627,
      0.3935194045840325,
      0.37811794898481316
    ],
    "chaos_onset_K": null,
    "spectral_gaps": [
      0.3876479165511775,
      0.4999844757499261,
      0.4230602774082435,
      1.384233877764121,
      1.1860093987415041,
      0.8617653791236535,
      0.5338715488031625,
      0.20379562638134985,
      0.1276724465752963,
      0.46007538020905514,
      0.7931325471132595,
      1.1266633365850822,
      1.4605468261443377,
      1.7946993196852077,
      2.1290612225719343,
      2.4635890524826323,
      2.798250401908163,
      3.1330206628137915,
      3.467880838862868,
      3.802816048827623
    ]
  },
  "n10": {
    "K_base": [
      0.5,
      1.0357142857142856,
      1.5714285714285714,
      2.107142857142857,
      2.642857142857143,
      3.1785714285714284,
      3.7142857142857144,
      4.25,
      4.785714285714286,
      5.321428571428571,
      5.857142857142857,
      6.392857142857142,
      6.928571428571429,
      7.464285714285714,
      8.0
    ],
    "level_spacing_ratio": [
      0.4265695316446662,
      0.4146504089906015,
      0.3874130322966155,
      0.40811483199511184,
      0.3980991565247338,
      0.4104550572742624,
      0.4036345804633154,
      0.3984603849372769,
      0.38937300917187323,
      0.40757584570221533,
      0.395579803923062,
      0.40027088674156147,
      0.39141066941699204,
      0.39017111242051594,
      0.41328793341463843
    ],
    "chaos_onset_K": null,
    "spectral_gaps": [
      0.04706031103260244,
      0.7936063500669803,
      0.3755968981467248,
      1.5702840277282988,
      1.2498089548158333,
      0.848841321231717,
      0.4464478578418891,
      0.04323326265333094,
      0.36049298618556236,
      0.7645576418433961,
      1.168856805758665,
      1.573324677051957,
      1.977917699031451,
      2.382605965916497,
      2.7873683039605623
    ]
  },
  "n12": {
    "K_base": [
      0.5,
      1.3333333333333335,
      2.166666666666667,
      3.0,
      3.8333333333333335,
      4.666666666666667,
      5.5,
      6.333333333333334,
      7.166666666666667,
      8.0
    ],
    "level_spacing_ratio": [
      0.40859844177130866,
      0.40207642553111417,
      0.3994289378630425,
      0.3921791867025073,
      0.3944732517602101,
      0.38533037692159167,
      0.39340708512982736,
      0.40034032786460444,
      0.3911844040918421,
      0.3903646536297641
    ],
    "chaos_onset_K": null,
    "spectral_gaps": [
      0.34395082931197507,
      0.5298098731576459,
      1.103063231300851,
      1.3581675154552215,
      0.8016659760669143,
      0.24202853761964604,
      0.31919242140696724,
      0.8813167396435233,
      1.44400236364865,
      2.0070594850827774
    ]
  }
}