{
  "experiment": "Phase diagram R(K, lambda) at N=16",
  "N": 16,
  "K_values": [
    0.0,
    1.0,
    2.0,
    3.0,
    4.0,
    5.0,
    6.0,
    8.0,
    10.0,
    12.0,
    14.0,
    16.0,
    18.0,
    20.0
  ],
  "lambda_values": [
    0.0,
    0.1,
    0.2,
    0.5,
    1.0,
    2.0,
    3.0,
    5.0,
    8.0,
    10.0
  ],
  "R_grid": [
    [
      0.2272379661918483,
      0.225599851736577,
      0.22893806118946144,
      0.24722692431983165,
      0.24221273325897785,
      0.268982954372339,
      0.3041639240610115,
      0.33380239584673643,
      0.6173523461036826,
      0.6942400246997439,
      0.7169289837570888,
      0.8265396409503286,
      0.8990024999259489,
      0.9259306081594204
    ],
    [
      0.22725198910355612,
      0.2257625378050309,
      0.23289071642153178,
      0.24813046295873373,
      0.23782193703650956,
      0.26593482660485623,
      0.29919178069810776,
      0.3674061227750534,
      0.6378936119046562,
      0.7076713910135971,
      0.716014385523545,
      0.8308431801742217,
      0.9035614612692954,
      0.9291686734734927
    ],
    [
      0.22734867298762762,
      0.22633449970439146,
      0.2374026896330211,
      0.24366090471316118,
      0.24755560943436392,
      0.25397718355500865,
      0.2804790889988564,
      0.36923224956313244,
      0.6453374844071801,
      0.6979347644664511,
      0.7242877322163402,
      0.8397311012971809,
      0.9080104614313892,
      0.9323853234418816
    ],
    [
      0.22842027413483904,
      0.23284731075638587,
      0.2434547079353444,
      0.25265258253299594,
      0.26995028456538156,
      0.26669409238581865,
      0.3347042050495254,
      0.39071269316134366,
      0.6635815816781728,
      0.7014488347410103,
      0.743665562027192,
      0.8758573931157727,
      0.9208697414102945,
      0.9419515683418526
    ],
    [
      0.2328791177135907,
      0.24344226393742344,
      0.2536001758553556,
      0.26876501871724884,
      0.2637943778182326,
      0.31633931753473665,
      0.36694636440571066,
      0.532269530171568,
      0.6795122744423495,
      0.7173052106124119,
      0.8175560620467373,
      0.9110915733556136,
      0.9414591420369535,
      0.9579304614020353
    ],
    [
      0.2635231252316405,
      0.25595872754572574,
      0.2869659006284713,
      0.3045235898539133,
      0.3550567107044566,
      0.36115092794761533,
      0.40687734286342786,
      0.6315744368057261,
      0.7032801359570983,
      0.7650577227219172,
      0.9367420172616874,
      0.9724545066333086,
      0.9871727118631126,
      0.9918770286473366
    ],
    [
      0.27680863305170755,
      0.2827558110840734,
      0.32515146771437786,
      0.3702876854435142,
      0.3870761674059218,
      0.4743497290553557,
      0.6027788712184649,
      0.6926352367451099,
      0.7324415082952503,
      0.996146964527405,
      0.9963405892822431,
      0.996519699573095,
      0.9966857234510392,
      0.9968399167307029
    ],
    [
      0.31109571587663926,
      0.3545630736356084,
      0.44949100067378267,
      0.5246103730049173,
      0.6231159359292765,
      0.6954919515546321,
      0.9982362668744175,
      0.9982966827517415,
      0.9983539599084365,
      0.9984083146917432,
      0.9984599449789783,
      0.9985090320463551,
      0.9985557422204062,
      0.998600228340451
    ],
    [
      0.8512630887155507,
      0.9992279104697898,
      0.9992366529932255,
      0.9992452412774254,
      0.9992536789796516,
      0.9992619696482152,
      0.9992701167263741,
      0.9992859933815034,
      0.9993013345281838,
      0.9993161642923254,
      0.9993305054417423,
      0.9993443794774776,
      0.9993578067180103,
      0.999370806376975
    ],
    [
      0.9994930062228663,
      0.9994975760787334,
      0.999502080733981,
      0.9995065214373916,
      0.999510899407602,
      0.9995152158339776,
      0.9995194718774597,
      0.9995278073222559,
      0.9995359144913873,
      0.9995438017289828,
      0.9995514769963764,
      0.9995589478931292,
      0.9995662216767128,
      0.9995733052809462
    ]
  ],
  "binder_grid": [
    [
      0.4075014397472495,
      0.4109823367013338,
      0.4654083439537917,
      0.42855534432413345,
      0.41324246782181917,
      0.42306663476924433,
      0.44298023370889594,
      0.457923576418542,
      0.6426998142432436,
      0.6432566130906543,
      0.6488918750597417,
      0.6647667863127811,
      0.66664769819473,
      0.6666571613899751
    ],
    [
      0.4084835883258142,
      0.42060803598829266,
      0.47253548838118853,
      0.41962861192749423,
      0.37710898246264446,
      0.45555385032564955,
      0.4042351023547145,
      0.5131782759993933,
      0.6441414812032777,
      0.6458327332787364,
      0.6509934054077445,
      0.6648715029560148,
      0.6666491845549095,
      0.6666576557468743
    ],
    [
      0.4116923947665394,
      0.43438139961017774,
      0.4772257137359839,
      0.39722549076148805,
      0.31992641666902855,
      0.3775304959869542,
      0.3276481640955635,
      0.48020220157101634,
      0.6459386817294148,
      0.6412441043432053,
      0.6526553004631721,
      0.6653064621481071,
      0.6666504839626577,
      0.666658125789675
    ],
    [
      0.43379688496121394,
      0.48725336016903287,
      0.4585606253019425,
      0.3990119848419076,
      0.4193915402947277,
      0.40957860252102674,
      0.3964666302519061,
      0.48538310665336526,
      0.6421177176945766,
      0.6418070890085741,
      0.6580845735170509,
      0.6666156931238081,
      0.6666536182366392,
      0.666659413187807
    ],
    [
      0.49732305202902727,
      0.4809365629709641,
      0.42508019491860105,
      0.48784932270304415,
      0.46720294833604414,
      0.4248496223919841,
      0.5234089389637268,
      0.6174732346114824,
      0.6464502507980028,
      0.6478868636677084,
      0.664279926348777,
      0.6666453188174604,
      0.6666573657512251,
      0.6666612607516524
    ],
    [
      0.4455565266982251,
      0.42911250098603293,
      0.481580003565679,
      0.473283191281638,
      0.48556190484833195,
      0.5012997636024644,
      0.5231363082512095,
      0.63917416354599,
      0.6474104522950446,
      0.6597038787611167,
      0.6666435350748463,
      0.6666580631922423,
      0.6666637421352793,
      0.6666656053117712
    ],
    [
      0.43498454968618794,
      0.5129331389763979,
      0.45749957637653993,
      0.5259671567399886,
      0.49699477308806916,
      0.5935957284316391,
      0.6308115150160388,
      0.6454341223863295,
      0.6549823874195155,
      0.6666665793349585,
      0.6666665857934808,
      0.6666665916131382,
      0.6666665968717534,
      0.6666666016359974
    ],
    [
      0.4959978043736858,
      0.5091715372195966,
      0.5986756555597765,
      0.6210389090199592,
      0.6268346633701938,
      0.6248463058766022,
      0.6666666386911853,
      0.6666666400797948,
      0.6666666413733988,
      0.6666666425801147,
      0.6666666437072354,
      0.6666666447613256,
      0.6666666457483054,
      0.666666646673523
    ],
    [
      0.6117884615496134,
      0.6666666579578044,
      0.6666666580951839,
      0.6666666582293932,
      0.6666666583605252,
      0.6666666584886698,
      0.6666666586139136,
      0.6666666588560302,
      0.6666666590875099,
      0.6666666593089438,
      0.6666666595208837,
      0.6666666597238452,
      0.6666666599183098,
      0.6666666601047276
    ],
    [
      0.6666666617341159,
      0.6666666617935075,
      0.6666666618517991,
      0.6666666619090165,
      0.6666666619651851,
      0.666666662020329,
      0.6666666620744726,
      0.6666666621798492,
      0.6666666622814921,
      0.6666666623795688,
      0.6666666624742377,
      0.6666666625656484,
      0.666666662653943,
      0.6666666627392552
    ]
  ],