{
  "qutip": {
    "R": [
      0.8321496650927968,
      0.8293815683394805,
      0.8248412167692413,
      0.818567217531793,
      0.8106112611960758,
      0.8010372895180443,
      0.7899205675185232,
      0.777346604473791,
      0.7634099447388211,
      0.748212850997305,
      0.7318639068027896,
      0.7144765680919448,
      0.6961676884877877,
      0.6770560536955842,
      0.657260950770084,
      0.6369008076508021,
      0.61609192614795,
      0.594947339765936,
      0.5735758203699864,
      0.5520810543797335,
      0.530561004666347,
      0.5091074730890506,
      0.4878058641816524,
      0.4667351517727877,
      0.4459680396092424,
      0.4255712963887247,
      0.40560624104094517,
      0.38612934591959025,
      0.3671929132748881,
      0.3488457773402465,
      0.331133974234121,
      0.31410131726750534,
      0.2977898091126177,
      0.2822398211743169,
      0.2674899683814544,
      0.2535766180643121,
      0.24053298377822194,
      0.22838778795487685,
      0.21716352122368213,
      0.20687439303367827,
      0.19752415183221317
    ],
    "purity": [
      1.0000000000000002,
      0.9960596880585022,
      0.9921470512802203,
      0.9882500992077352,
      0.9843578365921332,
      0.9804601273438178,
      0.9765477979461613,
      0.9726127363885624,
      0.9686479433493068,
      0.9646475758969317,
      0.9606069498350638,
      0.9565224480024201,
      0.9523915597675369,
      0.9482126975932041,
      0.9439852074313713,
      0.9397091983957755,
      0.9353854462918275,
      0.9310152919926014,
      0.9266005012510479,
      0.9221431732856038,
      0.9176456601538533,
      0.9131104450547475,
      0.9085400887270771,
      0.9039371858093065,
      0.8993042965480335,
      0.8946439480075126,
      0.8899586050386236,
      0.8852506818139529,
      0.8805225439336734,
      0.8757765471881228,
      0.8710150253922306,
      0.866240346709101,
      0.8614549307308211,
      0.856661272792742,
      0.8518619658134081,
      0.8470597012271666,
      0.8422573034350035,
      0.8374577000499761,
      0.8326639193261832,
      0.8278791095759274,
      0.8231064705527155
    ],
    "wall_time_ms": 5.1
  },
  "qiskit_unitary": {
    "R": [
      0.8321496650927968,
      0.8312488467814948,
      0.8285534302316669,
      0.8240844260677449,
      0.817876505523898,
      0.8099774875476853,
      0.8004476342951963,
      0.789358768387411,
      0.776793228857542,
      0.7628426860795932,
      0.7476068390787833,
      0.7311920214293164,
      0.7137097443821875,
      0.6952752078649316,
      0.6760058114767005,
      0.6560196984762368,
      0.6354343659289675,
      0.6143653735387848,
      0.5929251821364508,
      0.571222150234886,
      0.5493597134163702,
      0.5274357665447631,
      0.5055422628991012,
      0.4837650373605725,
      0.46218385286993635,
      0.4408726606795458,
      0.4199000556653341,
      0.3993298983626659,
      0.3792220656415378,
      0.3596332821680182,
      0.34061797503767227,
      0.32222908414630735,
      0.3045187508976353,
      0.28753879782489294,
      0.2713409022563018,
      0.2559763600476971,
      0.24149533432671877,
      0.22794549554894994,
      0.2153699923780488,
      0.20380475922201063,
      0.19327527482491552
    ],
    "purity": [
      1.0,
      1.0,
      1.0,
      1.0,
      1.0,
      1.0,
      1.0,
      1.0,
      1.0,
      1.0,
      1.0,
      1.0,
      1.0,
      1.0,
      1.0,
      1.0,
      1.0,
      1.0,
      1.0,
      1.0,
      1.0,
      1.0,
      1.0,
      1.0,
      1.0,
      1.0,
      1.0,
      1.0,
      1.0,
      1.0,
      1.0,
      1.0,
      1.0,
      1.0,
      1.0,
      1.0,
      1.0,
      1.0,
      1.0,
      1.0,
      1.0
    ],
    "wall_time_ms": 247.2
  },
  "our_lindblad": {
    "R": [
      0.8321496650927966,
      0.829544525534495,
      0.8254809983283546,
      0.8199759610038968,
      0.8130541861839267,
      0.8047480673324143,
      0.7950972747839051,
      0.7841483480683692,
      0.7719542322995109,
      0.7585737663711588,
      0.7440711311860267,
      0.7285152664285807,
      0.7119792645100181,
      0.6945397502711372,
      0.6762762547196866,
      0.6572705910051928,
      0.6376062406977334,
      0.6173677558592998,
      0.5966401846253967,
      0.5755085253724708,
      0.5540572140853988,
      0.5323696486881199,
      0.510527753198165,
      0.48861158367061625,
      0.4666989770240676,
      0.44486524292270363,
      0.42318289888130073,
      0.4017214464025904,
      0.3805471873132919,
      0.35972307817499793,
      0.33930862024580094,
      0.31935978239127255,
      0.29992895421544596,
      0.28106492660491467,
      0.2628128967962708,
      0.2452144949145578,
      0.22830782859595952,
      0.21212754141782247,
      0.19670487983533702,
      0.1820677610974568,
      0.1682408311437379
    ],
    "purity": [
      1.0000000000000004,
      0.9854872053354394,
      0.9712256797059358,
      0.9571986808425046,
      0.9433903712417302,
      0.9297859162415598,
      0.9163715615201484,
      0.9031346889490807,
      0.8900638576320128,
      0.8771488279287716,
      0.864380568415759,
      0.851751246284606,
      0.8392542020490361,
      0.8268839097491196,
      0.8146359232773506,
      0.8025068102843929,
      0.7904940826218437,
      0.7785961140394722,
      0.7668120540841563,
      0.7551417386508915,
      0.7435855989294907,
      0.7321445705648489,
      0.7208200046860218,
      0.7096135822656751,
      0.6985272329724861,
      0.6875630574524683,
      0.6767232606908232,
      0.6660100902004243,
      0.6554257809300534,
      0.6449725083461133,
      0.6346523487162382,
      0.6244672463409551,
      0.6144189873544637,
      0.6045091796046018,
      0.5947392380455583,
      0.5851103746945138,
      0.5756235918010237,
      0.566279682478011,
      0.5570792312248833,
      0.5480226176234638,
      0.5391100165616556
    ],
    "wall_time_ms": 73.3
  },
  "parameters": {
    "N": 4,
    "K_base": 0.45,
    "alpha": 0.3,
    "T_MAX": 2.0,
    "DT": 0.05,
    "gamma_amp": 0.05,
    "gamma_deph": 0.02
  }
}