{
  "generated_at_utc": "2026-04-17T13:24:26+00:00",
  "runner": {
    "hostname": "aaarthuus",
    "platform": "Linux-6.17.0-20-generic-x86_64-with-glibc2.39",
    "python": "3.12.3",
    "cpu": {
      "model": "11th Gen Intel(R) Core(TM) i5-11600K @ 3.90GHz",
      "cores": "6"
    }
  },
  "parameters": {
    "repeats": 5,
    "inner_repeats": 50,
    "sizes": [
      4,
      16,
      64,
      256,
      1024,
      4096,
      16384
    ]
  },
  "rows": [
    {
      "n": 4,
      "rust": {
        "median_s_per_call": 1.1303200153633952e-06,
        "samples_s_per_call": [
          4.655559896491468e-06,
          1.1303200153633952e-06,
          1.1740403715521098e-06,
          1.045420067384839e-06,
          1.062760129570961e-06
        ]
      },
      "julia": {
        "median_s_per_call": 1.118574000429362e-05,
        "samples_s_per_call": [
          1.5843500150367618e-05,
          7.87805998697877e-06,
          9.800699772313237e-06,
          1.3068479602225124e-05,
          1.118574000429362e-05
        ]
      },
      "python": {
        "median_s_per_call": 6.224960088729858e-06,
        "samples_s_per_call": [
          1.3714840169996023e-05,
          5.134500097483396e-06,
          6.224960088729858e-06,
          9.847920155152679e-06,
          5.677600274793803e-06
        ]
      }
    },
    {
      "n": 16,
      "rust": {
        "median_s_per_call": 8.983799489215016e-07,
        "samples_s_per_call": [
          1.4036998618394137e-06,
          8.983799489215016e-07,
          8.391198934987187e-07,
          8.519401308149099e-07,
          1.027120160870254e-06
        ]
      },
      "julia": {
        "median_s_per_call": 1.3925859821029008e-05,
        "samples_s_per_call": [
          1.2478940188884735e-05,
          1.1476340005174279e-05,
          1.3925859821029008e-05,
          1.6387359937652946e-05,
          1.773511990904808e-05
        ]
      },
      "python": {
        "median_s_per_call": 5.9168797452002764e-06,
        "samples_s_per_call": [
          1.49491400225088e-05,
          5.6618597591295835e-06,
          6.038380088284612e-06,
          5.9168797452002764e-06,
          5.711020203307271e-06
        ]
      }
    },
    {
      "n": 64,
      "rust": {
        "median_s_per_call": 1.319959992542863e-06,
        "samples_s_per_call": [
          3.3361802343279123e-06,
          1.3344601029530167e-06,
          1.319959992542863e-06,
          1.2521003372967242e-06,
          1.2607203098013996e-06
        ]
      },
      "julia": {
        "median_s_per_call": 1.3324180035851897e-05,
        "samples_s_per_call": [
          2.0067020086571576e-05,
          1.3005619985051453e-05,
          1.3324180035851897e-05,
          1.1719040339812636e-05,
          1.368616009131074e-05
        ]
      },
      "python": {
        "median_s_per_call": 7.213659700937569e-06,
        "samples_s_per_call": [
          1.1110460036434233e-05,
          6.205459940247238e-06,
          7.213659700937569e-06,
          6.936659920029342e-06,
          8.104920270852745e-06
        ]
      }
    },
    {
      "n": 256,
      "rust": {
        "median_s_per_call": 2.9727397486567497e-06,
        "samples_s_per_call": [
          8.344679954461754e-06,
          2.9727397486567497e-06,
          2.911820192821324e-06,
          3.1497201416641473e-06,
          2.9087404254823922e-06
        ]
      },
      "julia": {
        "median_s_per_call": 1.683313981629908e-05,
        "samples_s_per_call": [
          2.0305719808675348e-05,
          1.4212100068107247e-05,
          1.4208800275810062e-05,
          1.683313981629908e-05,
          2.9256819980219008e-05
        ]
      },
      "python": {
        "median_s_per_call": 1.2822099961340427e-05,
        "samples_s_per_call": [
          2.4554060073569416e-05,
          1.1704480275511742e-05,
          1.329914026428014e-05,
          1.2822099961340427e-05,
          1.0742279700934886e-05
        ]
      }
    },
    {
      "n": 1024,
      "rust": {
        "median_s_per_call": 1.3119560317136347e-05,
        "samples_s_per_call": [
          1.2310979655012488e-05,
          1.0531379957683385e-05,
          1.3119560317136347e-05,
          1.7165319877676666e-05,
          1.4122639549896121e-05
        ]
      },
      "julia": {
        "median_s_per_call": 2.161721989978105e-05,
        "samples_s_per_call": [
          3.823109960649163e-05,
          2.1474760142154992e-05,
          2.0785920205526055e-05,
          2.492866013199091e-05,
          2.161721989978105e-05
        ]
      },
      "python": {
        "median_s_per_call": 2.66040803398937e-05,
        "samples_s_per_call": [
          3.4123120130971074e-05,
          2.9681000160053373e-05,
          2.66040803398937e-05,
          2.657337987329811e-05,
          2.518731984309852e-05
        ]
      }
    },
    {
      "n": 4096,
      "rust": {
        "median_s_per_call": 3.809635993093252e-05,
        "samples_s_per_call": [
          4.0295759681612253e-05,
          3.652682004030794e-05,
          3.666553995572031e-05,
          4.6689460286870596e-05,
          3.809635993093252e-05
        ]
      },
      "julia": {
        "median_s_per_call": 5.829315981827676e-05,
        "samples_s_per_call": [
          4.940653976518661e-05,
          5.181061977054924e-05,
          5.829315981827676e-05,
          7.035444024950266e-05,
          6.139573990367353e-05
        ]
      },
      "python": {
        "median_s_per_call": 0.0001238885399652645,
        "samples_s_per_call": [
          0.00013739991991315036,
          0.00013668005994986742,
          0.00011151576007250696,
          0.00010900433990173042,
          0.0001238885399652645
        ]
      }
    },
    {
      "n": 16384,
      "rust": {
        "median_s_per_call": 0.00025650066032540053,
        "samples_s_per_call": [
          0.0002535443799570203,
          0.000244329939596355,
          0.00025650066032540053,
          0.00027899771986994893,
          0.00028319390024989844
        ]
      },
      "julia": {
        "median_s_per_call": 0.0002757986797951162,
        "samples_s_per_call": [
          0.0003265683399513364,
          0.00028238876024261117,
          0.00026145981973968446,
          0.00024711085949093105,
          0.0002757986797951162
        ]
      },
      "python": {
        "median_s_per_call": 0.0004657835996476933,
        "samples_s_per_call": [
          0.00044405179971363396,
          0.0004321234405506402,
          0.000474305099924095,
          0.0006211942399386316,
          0.0004657835996476933
        ]
      }
    }
  ]
}